WELL,FILE,N_CURVES,N_ROWS,HAS_DTS,HAS_DTC,HAS_RHOB,HAS_GR,CURVES,DTC_FILL_RATE,DTS_FILL_RATE,RHOB_FILL_RATE,NPHI_FILL_RATE,GR_FILL_RATE,RDEP_FILL_RATE,RMED_FILL_RATE,CALI_FILL_RATE,BS_FILL_RATE,SELECTION_SCORE
TFT-4,TFT-4.las,20,18731,True,True,True,True,"DEPT, LITHOLOGY_CONFIDENCE, LITHOLOGY_CLASS, CALI, BS, ROPA, ROP, RDEP, RMED, DTS, DTC, NPHI, PEF, GR, RHOB, DRHO, DEPTH_MD, X_LOC, Y_LOC, Z_LOC",0.9715978858576692,0.8142651219902834,0.41642197426725747,0.4182905344082003,0.9965298168811062,0.9912444610538679,0.9889488014521381,0.4186642464363889,0.9969569163418931,8.835139608136245
AAM-17,AAM-17.las,21,15388,True,True,True,True,"DEPT, LITHOLOGY_CONFIDENCE, LITHOLOGY_CLASS, CALI, BS, MUDWEIGHT, ROP, RDEP, RSHA, RMED, RMIC, SP, DTS, DTC, NPHI, GR, RHOB, DEPTH_MD, X_LOC, Y_LOC, Z_LOC",0.7908760072783988,0.787561736417988,0.5359370938393554,0.5342474655575773,0.9678970626462179,0.9756303613205095,0.9729659474915519,0.7823628801663634,0.978684689368339,8.534962308292176
ALR-11,ALR-11.las,21,24803,True,True,True,True,"DEPT, LITHOLOGY_CONFIDENCE, LITHOLOGY_CLASS, CALI, BS, ROPA, ROP, RDEP, RMED, RMIC, DTS, DTC, NPHI, PEF, GR, RHOB, DRHO, DEPTH_MD, X_LOC, Y_LOC, Z_LOC",0.8590896262548885,0.851832439624239,0.21037777688182882,0.21650606781437728,0.99854856267387,0.9991936459299279,0.9904447042696448,0.21078095391686488,0.9999596822964963,8.395839212998427
ALR-3,ALR-3.las,22,18710,True,True,True,True,"DEPT, LITHOLOGY_CONFIDENCE, LITHOLOGY_CLASS, CALI, BS, ROPA, ROP, RDEP, RMED, RMIC, SP, DTS, DTC, NPHI, PEF, GR, RHOB, DRHO, DEPTH_MD, X_LOC, Y_LOC, Z_LOC",0.6879208979155532,0.684233030464992,0.693372528059861,0.7021378941742383,0.9984500267236772,0.9980224478888295,0.9952431854623196,0.6926777124532336,0.9998396579369321,8.180224478888295
ALR-2,ALR-2.las,21,16967,True,True,True,True,"DEPT, LITHOLOGY_CONFIDENCE, LITHOLOGY_CLASS, CALI, BS, RDEP, RSHA, RMED, RXO, RMIC, SP, DTS, DTC, NPHI, GR, RHOB, DRHO, DEPTH_MD, X_LOC, Y_LOC, Z_LOC",0.6847409677609477,0.6847409677609477,0.6707726763717805,0.6688866623445512,0.9944008958566629,0.9968762892674015,0.9698237755643307,0.6728944421524136,0.9989391171096835,8.12600931219426
ISL-8,ISL-8.las,22,28434,True,True,True,True,"DEPT, LITHOLOGY_CONFIDENCE, LITHOLOGY_CLASS, CALI, BS, ROPA, ROP, RDEP, RSHA, RMED, DTS, DTC, NPHI, PEF, GR, RHOB, DRHO, SGR, DEPTH_MD, X_LOC, Y_LOC, Z_LOC",0.9933530280649926,0.5966448617851867,0.3435323907997468,0.34500949567419287,0.9968347752690441,0.9975029893789126,0.9961313919954984,0.35309840331996906,0.9983822184708447,7.65133291130337
ALR-13,ALR-13.las,20,21948,True,True,True,True,"DEPT, LITHOLOGY_CONFIDENCE, LITHOLOGY_CLASS, CALI, BS, ROPA, ROP, RDEP, RMED, DTS, DTC, NPHI, PEF, GR, RHOB, DRHO, DEPTH_MD, X_LOC, Y_LOC, Z_LOC",0.6072535082923273,0.6073446327683616,0.604018589393111,0.6147257153271368,0.9986786950975032,0.997949699289229,0.9917532349188992,0.6124931656642975,0.9999544377619829,7.4558957535994175
ISL-14,ISL-14.las,20,26343,True,True,True,True,"DEPT, LITHOLOGY_CONFIDENCE, LITHOLOGY_CLASS, CALI, BS, ROPA, ROP, RDEP, RMED, DTS, DTC, NPHI, PEF, GR, RHOB, DRHO, DEPTH_MD, X_LOC, Y_LOC, Z_LOC",0.8108795505447367,0.5186577079300004,0.5575674752306116,0.5614015108377938,0.9993926280226246,0.9823862126561136,0.9770717078540789,0.568158524086095,0.9853471510458186,7.311961431879437
TFT-3,TFT-3.las,23,24730,True,True,True,True,"DEPT, LITHOLOGY_CONFIDENCE, LITHOLOGY_CLASS, CALI, BS, DCAL, RDEP, RSHA, RMED, RXO, RMIC, SP, DTS, DTC, NPHI, PEF, GR, RHOB, DRHO, DEPTH_MD, X_LOC, Y_LOC, Z_LOC",0.7414071977355439,0.4709260008087343,0.7306510311362717,0.7281439547108775,0.976668014557218,0.9933279417711282,0.9927213910230489,0.7307723412858876,0.9867771936918722,7.268742418115649
HR-16,HR-16.las,24,17304,True,True,True,True,"DEPT, LITHOLOGY_CONFIDENCE, LITHOLOGY_CLASS, CALI, BS, DCAL, ROP, RDEP, RSHA, RMED, RMIC, SP, DTS, DTC, NPHI, PEF, GR, RHOB, DRHO, SGR, DEPTH_MD, X_LOC, Y_LOC, Z_LOC",0.610321312991216,0.5917706888580675,0.6085298196948682,0.605755894590846,0.923659269533056,0.933830328247804,0.933252427184466,0.6099167822468793,0.9998844197873324,7.254045307443366
ISL-15,ISL-15.las,21,22969,True,True,True,True,"DEPT, LITHOLOGY_CONFIDENCE, LITHOLOGY_CLASS, CALI, BS, DCAL, ROPA, ROP, RDEP, RMED, DTS, DTC, NPHI, PEF, GR, RHOB, DRHO, DEPTH_MD, X_LOC, Y_LOC, Z_LOC",0.8302059297313771,0.4903565675475641,0.49928164047194046,0.0975662849928164,0.9996517044712439,0.9832382776786103,0.9764029779267709,0.5092515999825852,0.9831512037964213,7.09364796029431
HR-11,HR-11.las,22,15556,True,True,True,True,"DEPT, LITHOLOGY_CONFIDENCE, LITHOLOGY_CLASS, CALI, BS, DCAL, ROPA, ROP, RDEP, RMED, RMIC, DTS, DTC, NPHI, PEF, GR, RHOB, DRHO, DEPTH_MD, X_LOC, Y_LOC, Z_LOC",0.7559784006171252,0.41790948830033425,0.7240293134481872,0.72904345590126,0.999100025713551,0.9968500899974286,0.9923502185651839,0.7539856004114168,0.9989071740807406,7.045512985343275
ISL-11,ISL-11.las,20,25699,True,True,True,True,"DEPT, LITHOLOGY_CONFIDENCE, LITHOLOGY_CLASS, CALI, BS, ROPA, ROP, RDEP, RMED, DTS, DTC, NPHI, PEF, GR, RHOB, DRHO, DEPTH_MD, X_LOC, Y_LOC, Z_LOC",0.9935795167127126,0.41670882135491655,0.4842211759212421,0.4915366356667575,0.9965368302268571,0.9996887038406164,0.9963422701272423,0.49531110159928404,0.9996887038406164,7.035371026109965
AAM-5,AAM-5.las,22,13052,True,True,True,True,"DEPT, LITHOLOGY_CONFIDENCE, LITHOLOGY_CLASS, CALI, BS, DCAL, ROPA, ROP, RDEP, RMED, RMIC, DTS, DTC, NPHI, PEF, GR, RHOB, DRHO, DEPTH_MD, X_LOC, Y_LOC, Z_LOC",0.8867606497088569,0.4998467667790377,0.4925681887833282,0.4886607416487895,0.8414802329144959,0.8343548881397487,0.8299111247318418,0.5010726325467362,0.9558688323628562,6.933726631933802
GT-2,GT-2.las,20,26868,True,True,True,True,"DEPT, LITHOLOGY_CONFIDENCE, LITHOLOGY_CLASS, CALI, BS, ROPA, ROP, RDEP, RMED, DTS, DTC, NPHI, PEF, GR, RHOB, DRHO, DEPTH_MD, X_LOC, Y_LOC, Z_LOC",0.7447893404793807,0.6228971266934643,0.15464493077266636,0.4602501116569897,0.9819487866607116,0.98187434866756,0.9793062379038261,0.47461664433526873,0.9996650290308173,6.877177311299687
ALR-21,ALR-21.las,21,18842,True,True,True,True,"DEPT, LITHOLOGY_CONFIDENCE, LITHOLOGY_CLASS, CALI, BS, ROPA, ROP, RDEP, RMED, RMIC, DTS, DTC, NPHI, PEF, GR, RHOB, DRHO, DEPTH_MD, X_LOC, Y_LOC, Z_LOC",0.8186498248593568,0.5368326080033967,0.24535611930792908,0.24440080670841738,0.9815836959983016,0.9731981742914765,0.9647065067402611,0.24572762976329476,0.982910519053179,6.766956798641332
AAM-2,AAM-2.las,21,19639,True,True,True,True,"DEPT, LITHOLOGY_CONFIDENCE, LITHOLOGY_CLASS, CALI, BS, DCAL, ROPA, ROP, RDEP, RMED, DTS, DTC, NPHI, PEF, GR, RHOB, DRHO, DEPTH_MD, X_LOC, Y_LOC, Z_LOC",0.544274148378227,0.537145475838892,0.5388258057945924,0.5405570548398595,0.9515759458220887,0.9514231885533887,0.9482662050002546,0.5494169764244615,0.9523906512551555,6.7549264219155765
HMD-5,HMD-5.las,21,20494,True,True,True,True,"DEPT, LITHOLOGY_CONFIDENCE, LITHOLOGY_CLASS, CALI, BS, DCAL, ROPA, ROP, RDEP, RMED, DTS, DTC, NPHI, PEF, GR, RHOB, DRHO, DEPTH_MD, X_LOC, Y_LOC, Z_LOC",0.5484044110471358,0.5230311310627501,0.5413291695130282,0.5612862301161315,0.976578510783644,0.9785790963208744,0.97565141016883,0.5440616765882698,0.9796525812432907,6.7497804235385965
ALR-16,ALR-16.las,19,21271,True,True,True,True,"DEPT, LITHOLOGY_CONFIDENCE, LITHOLOGY_CLASS, CALI, BS, ROP, RDEP, RMED, DTS, DTC, NPHI, PEF, GR, RHOB, DRHO, DEPTH_MD, X_LOC, Y_LOC, Z_LOC",0.8212119787504114,0.514221240186169,0.20248225283249494,0.21771425885007756,0.9991537774434677,0.9770109538808707,0.9726388040054534,0.20267030228950214,0.9999529876357482,6.5946593954209956
TFT-11,TFT-11.las,22,11413,True,True,True,True,"DEPT, LITHOLOGY_CONFIDENCE, LITHOLOGY_CLASS, CALI, BS, ROPA, ROP, RDEP, RSHA, RMED, RMIC, DTS, DTC, NPHI, PEF, GR, RHOB, DRHO, DEPTH_MD, X_LOC, Y_LOC, Z_LOC",0.7756943835976517,0.44344168930167355,0.47463418908262506,0.4755980022781039,0.998948567423114,0.7897134846227986,0.7859458512222903,0.47691229299921145,0.9999123806185928,6.5065276439148345
ISL-10,ISL-10.las,21,24513,True,True,True,True,"DEPT, LITHOLOGY_CONFIDENCE, LITHOLOGY_CLASS, CALI, BS, ROPA, ROP, RDEP, RMED, RMIC, DTS, DTC, NPHI, PEF, GR, RHOB, DRHO, DEPTH_MD, X_LOC, Y_LOC, Z_LOC",0.5299228980540938,0.5088320483009016,0.09823359033981968,0.09713213396973035,0.9978786766205687,0.9973891404560845,0.9917594745645167,0.10084444988373516,0.999755231917758,5.795741035368987
ISL-5,ISL-5.las,19,26900,True,True,True,True,"DEPT, LITHOLOGY_CONFIDENCE, LITHOLOGY_CLASS, CALI, RDEP, RSHA, RMED, SP, DTS, DTC, NPHI, PEF, GR, RHOB, DRHO, DEPTH_MD, X_LOC, Y_LOC, Z_LOC",0.7860223048327137,0.08092936802973978,0.7628996282527881,0.1362081784386617,0.9991078066914498,0.999182156133829,0.7735687732342007,0.7976951672862453,0.0,5.500780669144981
ALR-18,ALR-18.las,21,21206,True,True,True,True,"DEPT, LITHOLOGY_CONFIDENCE, LITHOLOGY_CLASS, CALI, BS, ROPA, ROP, RDEP, RMED, RMIC, DTS, DTC, NPHI, PEF, GR, RHOB, DRHO, DEPTH_MD, X_LOC, Y_LOC, Z_LOC",0.4332264453456569,0.43346222767141374,0.2326699990568707,0.2516740545128737,0.9989154013015185,0.9483636706592474,0.9400169763274545,0.23304725077808167,0.9548712628501368,5.44638309912289
HR-10,HR-10.las,20,13094,True,True,True,True,"DEPT, LITHOLOGY_CONFIDENCE, LITHOLOGY_CLASS, CALI, BS, ROPA, ROP, RDEP, RMED, DTS, DTC, NPHI, PEF, GR, RHOB, DRHO, DEPTH_MD, X_LOC, Y_LOC, Z_LOC",0.6784023216740492,0.14418817779135482,0.6738964411180693,0.6813044142355277,0.9993890331449519,0.9988544371467848,0.9987016954330228,0.6848938445089354,1.0,5.4237818848327475
AAM-1,AAM-1.las,23,15346,True,True,True,True,"DEPT, LITHOLOGY_CONFIDENCE, LITHOLOGY_CLASS, CALI, BS, DCAL, ROPA, ROP, RDEP, RSHA, RMED, RMIC, DTS, DTC, NPHI, PEF, GR, RHOB, DRHO, DEPTH_MD, X_LOC, Y_LOC, Z_LOC",0.5939658542942786,0.19379642903688257,0.6003518832268995,0.602241626482471,0.9760849732829402,0.9715886876058908,0.9714583604848169,0.6092141274599244,0.9793431513097876,5.3052912811156006
HR-6,HR-6.las,22,18808,True,True,True,True,"DEPT, LITHOLOGY_CONFIDENCE, LITHOLOGY_CLASS, CALI, BS, DCAL, ROPA, ROP, RDEP, RSHA, RMED, DTS, DTC, NPHI, PEF, GR, RHOB, DRHO, DEPTH_MD, X_LOC, Y_LOC, Z_LOC",0.6875265844321565,0.21347299021692898,0.13839855380689067,0.1410569970225436,0.9995214802211825,0.9948957890259464,0.9948957890259464,0.14291790727350065,1.0,4.713632496809868
AAM-19,AAM-19.las,25,20537,True,True,True,True,"DEPT, LITHOLOGY_CONFIDENCE, LITHOLOGY_CLASS, CALI, BS, DCAL, MUDWEIGHT, ROP, RDEP, RSHA, RMED, RXO, RMIC, SP, DTS, DTC, NPHI, PEF, GR, RHOB, DRHO, DEPTH_MD, X_LOC, Y_LOC, Z_LOC",0.3996688902955641,0.10181623411403808,0.6804304426157667,0.6791157423187418,0.9971758289915762,0.9977114476311049,0.9914787943711351,0.7164142766713736,0.9990748405317232,4.664167113015534
EMK-1,EMK-1.las,21,6059,True,True,True,True,"DEPT, LITHOLOGY_CONFIDENCE, LITHOLOGY_CLASS, CALI, BS, ROPA, ROP, RDEP, RSHA, RMED, DTS, DTC, NPHI, PEF, GR, RHOB, DRHO, DEPTH_MD, X_LOC, Y_LOC, Z_LOC",0.7476481267535897,0.03977554051823733,0.48770424162403037,0.4939759036144578,0.9508169664961215,0.9371183363591352,0.9249050998514606,0.4999174781317049,0.955438191120647,4.557517742201684
ALR-17,ALR-17.las,23,16599,True,True,True,True,"DEPT, LITHOLOGY_CONFIDENCE, LITHOLOGY_CLASS, CALI, BS, DCAL, RDEP, RSHA, RMED, RXO, RMIC, SP, DTS, DTC, NPHI, GR, RHOB, DRHO, SGR, DEPTH_MD, X_LOC, Y_LOC, Z_LOC",0.20766311223567685,0.20772335682872461,0.7438399903608651,0.40387975179227664,0.8539671064521959,0.7419724079763841,0.7431772998373396,0.7433580336164829,0.9881318151695885,4.537562503765288
ALR-4,ALR-4.las,19,19875,True,True,True,True,"DEPT, LITHOLOGY_CONFIDENCE, LITHOLOGY_CLASS, CALI, BS, ROP, RDEP, RMED, DTS, DTC, NPHI, PEF, GR, RHOB, DRHO, DEPTH_MD, X_LOC, Y_LOC, Z_LOC",0.5367547169811321,0.1878238993710692,0.17333333333333334,0.19049056603773584,0.9897861635220125,0.9852578616352201,0.9814842767295597,0.1909433962264151,0.9987924528301887,4.334339622641509
HR-13,HR-13.las,21,12261,True,True,True,True,"DEPT, LITHOLOGY_CONFIDENCE, LITHOLOGY_CLASS, CALI, BS, ROPA, ROP, RDEP, RMED, RMIC, DTS, DTC, NPHI, PEF, GR, RHOB, DRHO, DEPTH_MD, X_LOC, Y_LOC, Z_LOC",0.26939075116222166,0.25813555174944947,0.24533072343202023,0.24337329744719027,0.9680287089144441,0.9632982627844384,0.9561210341733953,0.2467987929206427,0.9709648478916891,4.251447679634614
ISL-16,ISL-16.las,18,26090,True,True,True,True,"DEPT, LITHOLOGY_CONFIDENCE, LITHOLOGY_CLASS, CALI, BS, ROPA, RDEP, RMED, DTS, DTC, NPHI, PEF, GR, RHOB, DEPTH_MD, X_LOC, Y_LOC, Z_LOC",0.27002683020314294,0.2689152932157915,0.2447681103871215,0.25396703717899577,0.9979302414718283,0.7588348026063626,0.7558451513990034,0.2553085473361441,0.99877347642775,4.130931391337677
ISL-13,ISL-13.las,20,25514,True,True,True,True,"DEPT, LITHOLOGY_CONFIDENCE, LITHOLOGY_CLASS, CALI, BS, ROPA, ROP, RDEP, RMED, DTS, DTC, NPHI, PEF, GR, RHOB, DRHO, DEPTH_MD, X_LOC, Y_LOC, Z_LOC",0.4810692169005252,0.15807007917221919,0.1461550521282433,0.14987849807948578,0.9958062240338638,0.995767029865956,0.9904758171984008,0.14674296464686054,0.9658618797522929,4.036372187818452
ALR-5,ALR-5.las,21,19119,True,True,True,True,"DEPT, LITHOLOGY_CONFIDENCE, LITHOLOGY_CLASS, CALI, BS, ROPA, ROP, RDEP, RMED, RMIC, DTS, DTC, NPHI, PEF, GR, RHOB, DRHO, DEPTH_MD, X_LOC, Y_LOC, Z_LOC",0.21915372142894504,0.25587112296668235,0.11512108373868926,0.3047753543595376,0.9839426748260892,0.9694021653852188,0.9610335268580993,0.12709869763062923,0.9996338720644385,3.9012500653799886
ALR-15,ALR-15.las,20,23901,True,True,True,True,"DEPT, LITHOLOGY_CONFIDENCE, LITHOLOGY_CLASS, CALI, BS, ROPA, ROP, RDEP, RMED, DTS, DTC, NPHI, PEF, GR, RHOB, DRHO, DEPTH_MD, X_LOC, Y_LOC, Z_LOC",0.09254842893602779,0.09166980461068575,0.5964185598928915,0.593991883184804,0.9798334797707209,0.9718003430818795,0.9465712731684867,0.6072967658256977,0.9801681937994227,3.787916823563868
ISL-6,ISL-6.las,19,29690,True,True,True,True,"DEPT, LITHOLOGY_CONFIDENCE, LITHOLOGY_CLASS, CALI, BS, ROPA, RDEP, RSHA, RMED, RMIC, DTS, DTC, NPHI, GR, RHOB, DEPTH_MD, X_LOC, Y_LOC, Z_LOC",0.21081172111822163,0.21128326035702258,0.14358369821488717,0.14253957561468508,0.9553384978107107,0.9534523408555069,0.9534523408555069,0.14371842371168744,0.9556079488043112,3.673997979117548
ZRZ-2,ZRZ-2.las,21,19586,True,True,True,True,"DEPT, LITHOLOGY_CONFIDENCE, LITHOLOGY_CLASS, CALI, BS, ROPA, ROP, RDEP, RSHA, RMED, DTS, DTC, NPHI, PEF, GR, RHOB, DRHO, DEPTH_MD, X_LOC, Y_LOC, Z_LOC",0.1558766465842949,0.19355662207699378,0.0825589706933524,0.08444807515572347,0.997855611150822,0.997855611150822,0.9958643929337282,0.10497293985499846,0.9986725211886041,3.4403655672419076
ALR-6,ALR-6.las,23,18832,True,True,True,True,"DEPT, LITHOLOGY_CONFIDENCE, LITHOLOGY_CLASS, CALI, BS, ROPA, ROP, RDEP, RMED, RXO, RMIC, DTS, DTC, NPHI, PEF, GR, RHOB, DRHO, SGR, DEPTH_MD, X_LOC, Y_LOC, Z_LOC",0.2584961767204758,0.14055862361937127,0.11830926083262532,0.14103653355989804,0.9692013593882752,0.9651125743415463,0.9560322854715378,0.13800977060322855,0.975838997451147,3.3907179269328798
ISL-22,ISL-22.las,18,35896,False,True,True,True,"DEPT, LITHOLOGY_CONFIDENCE, LITHOLOGY_CLASS, CALI, BS, RDEP, RSHA, RMED, SP, DTC, NPHI, GR, RHOB, DRHO, DEPTH_MD, X_LOC, Y_LOC, Z_LOC",1.0,0.0,1.0,0.4095720971696011,0.9999721417428126,0.9355359928682861,0.7281034098506798,0.3942779139737018,0.38475039001560063,5.935508134611099
ISL-4,ISL-4.las,17,24490,False,True,True,True,"DEPT, LITHOLOGY_CONFIDENCE, LITHOLOGY_CLASS, CALI, BS, RDEP, RSHA, SP, DTC, NPHI, GR, RHOB, DRHO, DEPTH_MD, X_LOC, Y_LOC, Z_LOC",0.9483870967741935,0.0,0.9768476929358922,0.1999591670069416,0.9999183340138832,0.9781135157207024,0.0,0.9714577378521846,0.9812984891792569,5.828501429154757
TFT-9,TFT-9.las,21,11426,False,True,True,True,"DEPT, LITHOLOGY_CONFIDENCE, LITHOLOGY_CLASS, CALI, BS, RDEP, RSHA, RMED, RXO, RMIC, SP, DTC, NPHI, PEF, GR, RHOB, DRHO, DEPTH_MD, X_LOC, Y_LOC, Z_LOC",0.9329599159810957,0.0,0.9508139331349553,0.947050586381936,0.9935235427971294,0.9988622440049011,0.9880973218974269,0.3389637668475407,0.33975144407491686,5.759933485034132
TFT-5,TFT-5.las,20,8647,False,True,True,True,"DEPT, LITHOLOGY_CONFIDENCE, LITHOLOGY_CLASS, CALI, RDEP, RSHA, RMED, RXO, SP, DTC, NPHI, PEF, GR, RHOB, DRHO, SGR, DEPTH_MD, X_LOC, Y_LOC, Z_LOC",0.8741760148028218,0.0,0.9324621255926911,0.9330403608187811,0.9912108245634325,0.9979183531860761,0.9979183531860761,0.9323464785474731,0.0,5.6024054585405345
AAM-18,AAM-18.las,24,31686,False,True,True,True,"DEPT, LITHOLOGY_CONFIDENCE, LITHOLOGY_CLASS, CALI, BS, DCAL, ROP, RDEP, RSHA, RMED, RXO, RMIC, SP, DTC, NPHI, PEF, GR, RHOB, DRHO, SGR, DEPTH_MD, X_LOC, Y_LOC, Z_LOC",0.9009341665088683,0.0,0.9128952849839046,0.1997412106293,0.9778766647730859,0.9811273117465127,0.9353973363630625,0.7569589092974816,0.757653222243262,5.586662879505145
ISL-20,ISL-20.las,21,21558,False,True,True,True,"DEPT, LITHOLOGY_CONFIDENCE, LITHOLOGY_CLASS, CALI, BS, RDEP, RSHA, RMED, RXO, SP, DTC, NPHI, PEF, GR, RHOB, DRHO, SGR, DEPTH_MD, X_LOC, Y_LOC, Z_LOC",0.9651173578254012,0.0,0.8298543464143241,0.578671490861861,0.9957788292049355,0.9986084052323964,0.99369143705353,0.8122738658502644,0.8123202523425178,5.5843306429167825
AAM-3,AAM-3.las,20,12402,False,True,True,True,"DEPT, LITHOLOGY_CONFIDENCE, LITHOLOGY_CLASS, CALI, BS, MUDWEIGHT, ROP, RDEP, RSHA, RMED, SP, DTC, NPHI, GR, RHOB, DRHO, DEPTH_MD, X_LOC, Y_LOC, Z_LOC",0.910417674568618,0.0,0.8872762457668119,0.4674246089340429,0.9984679890340268,0.9815352362522174,0.9567811643283342,0.4766973068859861,0.4862925334623448,5.575391065957104
GT-1,GT-1.las,18,27702,False,True,True,True,"DEPT, LITHOLOGY_CONFIDENCE, LITHOLOGY_CLASS, CALI, BS, RDEP, RSHA, RMED, SP, DTC, NPHI, GR, RHOB, DRHO, DEPTH_MD, X_LOC, Y_LOC, Z_LOC",0.9785575048732943,0.0,0.7990036820446177,0.14988087502707387,0.9977979929246986,0.9915529564652371,0.9961735614757057,0.8592520395639304,0.24218467980651218,5.54447332322576
BRK-1,BRK-1.las,19,20533,False,True,True,True,"DEPT, LITHOLOGY_CONFIDENCE, LITHOLOGY_CLASS, CALI, MUDWEIGHT, ROP, RDEP, RSHA, RMED, SP, DTC, NPHI, GR, RHOB, DRHO, DEPTH_MD, X_LOC, Y_LOC, Z_LOC",0.8736667803048751,0.0,0.907271221935421,0.8592022597769444,0.9889446257244435,0.9883114985632884,0.6114547314079773,0.9884576048312472,0.0,5.539132128768324
AAM-12,AAM-12.las,21,21629,False,True,True,True,"DEPT, LITHOLOGY_CONFIDENCE, LITHOLOGY_CLASS, CALI, MUDWEIGHT, ROP, RDEP, RSHA, RMED, RXO, SP, DTC, NPHI, PEF, GR, RHOB, DRHO, DEPTH_MD, X_LOC, Y_LOC, Z_LOC",0.8532063433353368,0.0,0.8637477460816496,0.16020158121041195,0.974663646030792,0.9775764020527995,0.8616209718433585,0.8640251514170789,0.0,5.386148226917564
ISL-2,ISL-2.las,18,13238,False,True,True,True,"DEPT, LITHOLOGY_CONFIDENCE, LITHOLOGY_CLASS, CALI, RDEP, RSHA, RMED, RXO, SP, DTC, NPHI, GR, RHOB, DRHO, DEPTH_MD, X_LOC, Y_LOC, Z_LOC",0.7693004985647379,0.0,0.9188699199274815,0.9117691494183411,0.9948632723976432,0.999169058770207,0.9932013899380571,0.9999244598882007,0.0,5.370373168152289
AAM-10,AAM-10.las,24,24963,False,True,True,True,"DEPT, LITHOLOGY_CONFIDENCE, LITHOLOGY_CLASS, CALI, BS, DCAL, MUDWEIGHT, ROP, RDEP, RSHA, RMED, RXO, RMIC, SP, DTC, NPHI, PEF, GR, RHOB, DRHO, DEPTH_MD, X_LOC, Y_LOC, Z_LOC",0.8427672955974843,0.0,0.8501782638304691,0.24936906621800264,0.9848175299443176,0.9883427472659536,0.8498978488162481,0.8496975523775188,0.986179545727677,5.359051396066178
TFT-13,TFT-13.las,21,18352,False,True,True,True,"DEPT, LITHOLOGY_CONFIDENCE, LITHOLOGY_CLASS, CALI, RDEP, RSHA, RMED, RXO, RMIC, SP, DTC, NPHI, PEF, GR, RHOB, DRHO, SGR, DEPTH_MD, X_LOC, Y_LOC, Z_LOC",0.953792502179599,0.0,0.7240627724498693,0.3527680906713165,0.9969485614646905,0.9604947689625108,0.9576612903225806,0.730819529206626,0.0,5.313153879686138
TFT-2,TFT-2.las,19,11934,False,True,True,True,"DEPT, LITHOLOGY_CONFIDENCE, LITHOLOGY_CLASS, CALI, RDEP, RSHA, RMED, RXO, SP, DTC, NPHI, PEF, GR, RHOB, DRHO, DEPTH_MD, X_LOC, Y_LOC, Z_LOC",0.9895257248198425,0.0,0.7683090330149154,0.7683090330149154,0.8195072900955254,0.8243673537791185,0.8233618233618234,0.7554885201944026,0.0,5.15954415954416
GT-3,GT-3.las,18,17606,False,True,True,True,"DEPT, LITHOLOGY_CONFIDENCE, LITHOLOGY_CLASS, CALI, BS, RDEP, RSHA, RMED, SP, DTC, NPHI, GR, RHOB, DRHO, DEPTH_MD, X_LOC, Y_LOC, Z_LOC",0.991480177212314,0.0,0.5915596955583324,0.5898557310007951,0.9916505736680677,0.9960808815176644,0.9955128933318187,0.3084743837328184,0.3085879813699875,5.1538112007270245
ALR-10,ALR-10.las,21,16777,False,True,True,True,"DEPT, LITHOLOGY_CONFIDENCE, LITHOLOGY_CLASS, CALI, BS, RDEP, RSHA, RMED, RXO, RMIC, SP, DTC, NPHI, PEF, GR, RHOB, DRHO, DEPTH_MD, X_LOC, Y_LOC, Z_LOC",0.7811289265065268,0.0,0.7924539548190975,0.44680216963700303,0.9899862907552006,0.9994039458782857,0.8038385885438398,0.8047922751385825,0.9967217023305717,5.136555999284735
ALR-9,ALR-9.las,19,16547,False,True,True,True,"DEPT, LITHOLOGY_CONFIDENCE, LITHOLOGY_CLASS, CALI, BS, RDEP, RSHA, RMED, SP, DTC, NPHI, PEF, GR, RHOB, DRHO, DEPTH_MD, X_LOC, Y_LOC, Z_LOC",0.7709554602042666,0.0,0.7909590862391974,0.4495074635885659,0.9912975161660724,0.9996978304224331,0.7993594004955581,0.794645555085514,0.9993956608448661,5.114824439475433
ISL-9,ISL-9.las,19,24318,False,True,True,True,"DEPT, LITHOLOGY_CONFIDENCE, LITHOLOGY_CLASS, CALI, RDEP, RSHA, RMED, SP, DTC, NPHI, PEF, GR, RHOB, DRHO, SGR, DEPTH_MD, X_LOC, Y_LOC, Z_LOC",0.9707623982235382,0.0,0.5420264824409902,0.15223291389094498,0.9967513775803931,0.9705156674068591,0.9705156674068591,0.9996710255777613,0.0,4.99284480631631
ISL-18,ISL-18.las,17,18193,False,True,True,True,"DEPT, LITHOLOGY_CONFIDENCE, LITHOLOGY_CLASS, CALI, RDEP, RSHA, RMED, SP, DTC, NPHI, GR, RHOB, DRHO, DEPTH_MD, X_LOC, Y_LOC, Z_LOC",0.7326444236794372,0.0,0.7268729731215302,0.49914802396526137,0.9999450338042104,0.9989006760842082,0.7324795250920684,0.7318199307425933,0.0,4.917880503490354
BRK-2,BRK-2.las,19,25420,False,True,True,True,"DEPT, LITHOLOGY_CONFIDENCE, LITHOLOGY_CLASS, CALI, ROP, RDEP, RSHA, RMED, RXO, SP, DTC, NPHI, GR, RHOB, DRHO, DEPTH_MD, X_LOC, Y_LOC, Z_LOC",0.9190794649881983,0.0,0.5405192761605035,0.28564122738001574,0.997285601888277,0.9230920535011802,0.6257671125098347,0.7383162863886703,0.0,4.83957513768686
ISL-21,ISL-21.las,20,19230,False,True,True,True,"DEPT, LITHOLOGY_CONFIDENCE, LITHOLOGY_CLASS, CALI, RDEP, RSHA, RMED, RXO, RMIC, SP, DTC, NPHI, GR, RHOB, DRHO, SGR, DEPTH_MD, X_LOC, Y_LOC, Z_LOC",0.7002080083203328,0.0,0.7024960998439937,0.703068122724909,0.9934997399895996,0.9998959958398336,0.7041601664066562,0.7004680187207488,0.0,4.798803952158086
ISL-19,ISL-19.las,18,18463,False,True,True,True,"DEPT, LITHOLOGY_CONFIDENCE, LITHOLOGY_CLASS, CALI, RDEP, RSHA, RMED, SP, DTC, NPHI, PEF, GR, RHOB, DRHO, DEPTH_MD, X_LOC, Y_LOC, Z_LOC",0.6931701240318475,0.0,0.6944700211233278,0.42544548556572603,0.9973460434382279,0.996479445377241,0.6876455613930564,0.6919785516979906,0.0,4.76910577912582
AAM-16,AAM-16.las,22,14836,False,True,True,True,"DEPT, LITHOLOGY_CONFIDENCE, LITHOLOGY_CLASS, CALI, BS, MUDWEIGHT, ROP, RDEP, RSHA, RMED, RXO, RMIC, SP, DTC, NPHI, GR, RHOB, DRHO, DEPTH_MD, X_LOC, Y_LOC, Z_LOC",0.9852386087894311,0.0,0.595915341062281,0.1499056349420329,0.6096656780803451,0.976071717444055,0.6073065516311674,0.5979374494472903,0.6073065516311674,4.748045295227824
HR-17,HR-17.las,19,14586,False,True,True,True,"DEPT, LITHOLOGY_CONFIDENCE, LITHOLOGY_CLASS, CALI, MUDWEIGHT, ROP, RDEP, RSHA, RMED, SP, DTC, NPHI, GR, RHOB, DRHO, DEPTH_MD, X_LOC, Y_LOC, Z_LOC",0.9553681612505142,0.0,0.45996160702043054,0.3419031948443713,0.9968462909639381,0.8150281091457562,0.814959550253668,0.45996160702043054,0.0,4.642533936651583
ALR-19,ALR-19.las,18,22105,False,True,True,True,"DEPT, LITHOLOGY_CONFIDENCE, LITHOLOGY_CLASS, CALI, ROPA, RDEP, RMED, RMIC, DTC, NPHI, PEF, GR, RHOB, DRHO, DEPTH_MD, X_LOC, Y_LOC, Z_LOC",0.708979868807962,0.0,0.5984618864510292,0.6001357159013798,0.9746663650757748,0.9762044786247456,0.970187740330242,0.6027595566613888,0.0,4.565754354218503
TFT-12,TFT-12.las,19,13779,False,True,True,True,"DEPT, LITHOLOGY_CONFIDENCE, LITHOLOGY_CLASS, CALI, ROPA, RDEP, RSHA, RMED, RXO, SP, DTC, NPHI, GR, RHOB, DRHO, DEPTH_MD, X_LOC, Y_LOC, Z_LOC",0.6387981711299804,0.0,0.6388707453371072,0.1625662239640032,0.9834530807750925,0.9994194063429857,0.9986936642717178,0.6359677770520357,0.0,4.538210320052253
ISL-17,ISL-17.las,18,16891,False,True,True,True,"DEPT, LITHOLOGY_CONFIDENCE, LITHOLOGY_CLASS, CALI, BS, RDEP, RSHA, RMED, SP, DTC, NPHI, GR, RHOB, DRHO, DEPTH_MD, X_LOC, Y_LOC, Z_LOC",0.8080042626250666,0.0,0.45971227280800425,0.6180214315315848,0.992658812385294,0.9976318749629981,0.7929666686401042,0.4596530696820792,0.4186845065419454,4.525723758214434
ELG-1,ELG-1.las,17,28514,False,True,True,True,"DEPT, LITHOLOGY_CONFIDENCE, LITHOLOGY_CLASS, CALI, RDEP, RMED, SP, DTC, NPHI, PEF, GR, RHOB, DRHO, DEPTH_MD, X_LOC, Y_LOC, Z_LOC",0.9572490706319703,0.0,0.3104439924247738,0.3105492038998387,0.9940730869046784,0.9837272918566319,0.9825699656309181,0.6673563863365365,0.0,4.513186504874798
TFT-1,TFT-1.las,19,16035,False,True,True,True,"DEPT, LITHOLOGY_CONFIDENCE, LITHOLOGY_CLASS, CALI, BS, RDEP, RSHA, RMED, RXO, SP, DTC, NPHI, GR, RHOB, DRHO, DEPTH_MD, X_LOC, Y_LOC, Z_LOC",0.6970377299657,0.0,0.6967259120673527,0.7367633302151544,0.824384159650764,0.8319925163704397,0.8331150608044902,0.8361708762082943,0.9982538197692548,4.443903960087309
AAM-13,AAM-13.las,20,18058,False,True,True,True,"DEPT, LITHOLOGY_CONFIDENCE, LITHOLOGY_CLASS, CALI, BS, RDEP, RSHA, RMED, RXO, SP, DTC, NPHI, PEF, GR, RHOB, DRHO, DEPTH_MD, X_LOC, Y_LOC, Z_LOC",0.6156274227489201,0.0,0.6177871303577361,0.19597962122051168,0.994462288182523,0.9823900764204231,0.6241554989478347,0.6269243548565733,0.6141876176763761,4.443681470816259
AAM-8,AAM-8.las,21,22963,False,True,True,True,"DEPT, LITHOLOGY_CONFIDENCE, LITHOLOGY_CLASS, CALI, BS, DCAL, ROP, RDEP, RSHA, RMED, SP, DTC, NPHI, PEF, GR, RHOB, DRHO, DEPTH_MD, X_LOC, Y_LOC, Z_LOC",0.6660279580194225,0.0,0.7087488568566825,0.17118843356704264,0.9971258110874015,0.6944650089274049,0.6942472673431171,0.6944214606105474,0.9980403257414101,4.441144449767016
AAM-4,AAM-4.las,19,13783,False,True,True,True,"DEPT, LITHOLOGY_CONFIDENCE, LITHOLOGY_CLASS, CALI, MUDWEIGHT, ROP, RDEP, RSHA, RMED, DTC, NPHI, PEF, GR, RHOB, DRHO, DEPTH_MD, X_LOC, Y_LOC, Z_LOC",0.5948632373213378,0.0,0.6006674889356454,0.5974751505477762,0.9645940651527244,0.9613291736196764,0.9613291736196764,0.5230356235942828,0.0,4.316984691286367
MZL-1,MZL-1.las,17,16950,False,True,True,True,"DEPT, LITHOLOGY_CONFIDENCE, LITHOLOGY_CLASS, CALI, ROPA, RDEP, RMED, DTC, NPHI, PEF, GR, RHOB, DRHO, DEPTH_MD, X_LOC, Y_LOC, Z_LOC",0.6169911504424779,0.0,0.5952212389380531,0.5941592920353982,0.9223008849557522,0.9221238938053097,0.9110914454277286,0.0037758112094395282,0.0,4.268849557522124
AAM-6,AAM-6.las,20,13337,False,True,True,True,"DEPT, LITHOLOGY_CONFIDENCE, LITHOLOGY_CLASS, CALI, BS, DCAL, MUDWEIGHT, ROP, RDEP, RMED, SP, DTC, NPHI, GR, RHOB, DRHO, DEPTH_MD, X_LOC, Y_LOC, Z_LOC",0.7926070330659069,0.0,0.3868186248781585,0.49936267526430234,0.9956511959211217,0.8795081352628027,0.879583114643473,0.8830321661543076,0.9946764639724076,4.234010647072055
AAM-14,AAM-14.las,21,20021,False,True,True,True,"DEPT, LITHOLOGY_CONFIDENCE, LITHOLOGY_CLASS, CALI, BS, DCAL, RDEP, RSHA, RMED, RXO, SP, DTC, NPHI, PEF, GR, RHOB, DRHO, DEPTH_MD, X_LOC, Y_LOC, Z_LOC",0.6491184256530643,0.0,0.6508166425253484,0.1286149542979871,0.9807701912991359,0.6502672194196094,0.6503671145297437,0.6521652265121622,0.9988512062334549,4.230907547075571
ELG-2,ELG-2.las,20,30856,False,True,True,True,"DEPT, LITHOLOGY_CONFIDENCE, LITHOLOGY_CLASS, CALI, RDEP, RSHA, RMED, RXO, SP, DTC, NPHI, PEF, GR, RHOB, DRHO, SGR, DEPTH_MD, X_LOC, Y_LOC, Z_LOC",0.9671052631578947,0.0,0.14839901477832512,0.14839901477832512,0.9979258491055224,0.9999027741768214,0.9988008815141302,0.796765620948924,0.0,4.228837179154784
HR-4,HR-4.las,20,20131,False,True,True,True,"DEPT, LITHOLOGY_CONFIDENCE, LITHOLOGY_CLASS, CALI, BS, DCAL, MUDWEIGHT, RDEP, RMED, SP, DTC, NPHI, PEF, GR, RHOB, DRHO, DEPTH_MD, X_LOC, Y_LOC, Z_LOC",0.9538522676469128,0.0,0.12518007053797625,0.12518007053797625,0.993442948686106,0.9762555263027172,0.9446127862500621,0.12393820475882966,0.9954299339327406,4.127763151358601
HR-1,HR-1.las,20,18547,False,True,True,True,"DEPT, LITHOLOGY_CONFIDENCE, LITHOLOGY_CLASS, CALI, BS, MUDWEIGHT, ROP, RDEP, RSHA, RMED, SP, DTC, NPHI, GR, RHOB, DRHO, DEPTH_MD, X_LOC, Y_LOC, Z_LOC",0.9115220790424328,0.0,0.09365396020919825,0.090688521054618,0.9973041462231088,0.9222515770744595,0.9224133283010729,0.09888391653636706,0.09742815549684584,3.92990780180083
ZRZ-1,ZRZ-1.las,21,17982,False,True,True,True,"DEPT, LITHOLOGY_CONFIDENCE, LITHOLOGY_CLASS, CALI, BS, DCAL, MUDWEIGHT, ROP, RDEP, RSHA, RMED, SP, DTC, NPHI, GR, RHOB, DRHO, DEPTH_MD, X_LOC, Y_LOC, Z_LOC",0.6337448559670782,0.0,0.24452230007785564,0.24491157824491158,0.9032365699032365,0.896507618729841,0.8982315648982315,0.9047936825714603,0.9980536091647203,3.556278500722945
HR-7,HR-7.las,20,19470,False,True,True,True,"DEPT, LITHOLOGY_CONFIDENCE, LITHOLOGY_CLASS, CALI, BS, MUDWEIGHT, ROP, RDEP, RSHA, RMED, SP, DTC, NPHI, GR, RHOB, DRHO, DEPTH_MD, X_LOC, Y_LOC, Z_LOC",0.8504879301489471,0.0,0.1835130970724191,0.18710837185413456,0.9680534155110426,0.4667180277349769,0.46933744221879814,0.8597329224447868,0.8431432973805855,3.502773497688752
HR-2,HR-2.las,18,13513,False,True,True,True,"DEPT, LITHOLOGY_CONFIDENCE, LITHOLOGY_CLASS, CALI, BS, MUDWEIGHT, ROP, RDEP, RMED, DTC, NPHI, PEF, GR, RHOB, DEPTH_MD, X_LOC, Y_LOC, Z_LOC",0.263894027973063,0.0,0.257529786131873,0.2675201657662991,0.9766151113742322,0.9664767261155924,0.9594464589654407,0.2673721601420854,0.9772071338710872,2.9859394656996967
AAM-21,AAM-21.las,23,16132,False,True,True,True,"DEPT, LITHOLOGY_CONFIDENCE, LITHOLOGY_CLASS, CALI, BS, MUDWEIGHT, ROP, RDEP, RSHA, RMED, RXO, RMIC, SP, DTC, NPHI, PEF, GR, RHOB, DRHO, DEPTH_MD, X_LOC, Y_LOC, Z_LOC",0.2587403917679147,0.0,0.22842796925365733,0.22663030002479545,0.9766922886188941,0.97594842548971,0.7116910488470122,0.6079841309199108,0.9771881973716836,2.926977436151748
TFT-14,TFT-14.las,18,11467,False,True,True,True,"DEPT, LITHOLOGY_CONFIDENCE, LITHOLOGY_CLASS, CALI, RDEP, RSHA, RMED, RXO, SP, DTC, NPHI, GR, RHOB, DRHO, DEPTH_MD, X_LOC, Y_LOC, Z_LOC",0.15453039155838494,0.0,0.2107787564314991,0.21208685794017615,0.9869189849132293,0.8437254730967123,0.2142670271213046,0.20432545565535887,0.0,2.56126275398971
ALR-14,ALR-14.las,20,21927,False,True,True,True,"DEPT, LITHOLOGY_CONFIDENCE, LITHOLOGY_CLASS, CALI, BS, ROPA, RDEP, RSHA, RMED, RMIC, DTC, NPHI, PEF, GR, RHOB, DRHO, DEPTH_MD, X_LOC, Y_LOC, Z_LOC",0.11816481962876818,0.0,0.12368313038719388,0.12327267752086468,0.9996351530077074,0.9771514571076755,0.9211930496647969,0.0,0.9745975281616273,2.460482510147307
OUR-2,OUR-2.las,16,28123,False,True,True,True,"DEPT, LITHOLOGY_CONFIDENCE, LITHOLOGY_CLASS, CALI, RDEP, RMED, DTC, NPHI, PEF, GR, RHOB, DRHO, DEPTH_MD, X_LOC, Y_LOC, Z_LOC",0.1313160046936671,0.0,0.15670447676279203,0.15670447676279203,0.9996088610745653,0.19091135369626286,0.15670447676279203,0.14806386231909824,0.0,1.7665611776837462
