CURVE,Q1,Q3,IQR,IQR_LOW_LIMIT,IQR_HIGH_LIMIT,OUTLIER_COUNT,OUTLIER_RATE
GR,72.368659973,100.472011565,28.103351591999996,30.213632585000013,142.627038953,1197,0.06390475682024452
RHOB,2.35655725005,2.5183486938749997,0.16179144382499988,2.1138700843125,2.7610358596124995,71,0.0037905077144840104
DTC,83.164451599,148.459098815,65.294647216,-14.777519225000006,246.401069639,0,0.0
DTS,154.37800598,378.43323517,224.05522918999998,-181.70483780499995,714.516078955,0,0.0
NPOR,0.239416562,0.32747693359999996,0.08806037159999996,0.10732600460000005,0.45956749099999994,221,0.011798622604238963
RDEP,0.9623087942999999,3.23790311815,2.27559432385,-2.4510826914750004,6.651294603925001,602,0.03213923442421654
RMED,0.9426064342,3.17894399165,2.23633755745,-2.4118999019750005,6.533450327825001,609,0.0325129464524051
CALI,8.485697507875,8.64205861095,0.15636110307499962,8.251155853262501,8.8766002655625,927,0.0494901500186856
BS,8.5,12.250000954,3.7500009540000008,2.874998568999999,17.875002385000002,0,0.0
