DEPTH_INTERVAL,GR_count,GR_mean,GR_median,GR_std,GR_min,GR_max,VSH_GR_LINEAR_count,VSH_GR_LINEAR_mean,VSH_GR_LINEAR_median,VSH_GR_LINEAR_std,VSH_GR_LINEAR_min,VSH_GR_LINEAR_max,RHOB_count,RHOB_mean,RHOB_median,RHOB_std,RHOB_min,RHOB_max,VP_MPS_count,VP_MPS_mean,VP_MPS_median,VP_MPS_std,VP_MPS_min,VP_MPS_max,VS_MPS_count,VS_MPS_mean,VS_MPS_median,VS_MPS_std,VS_MPS_min,VS_MPS_max,AI_count,AI_mean,AI_median,AI_std,AI_min,AI_max,SI_count,SI_mean,SI_median,SI_std,SI_min,SI_max,VP_VS_RATIO_count,VP_VS_RATIO_mean,VP_VS_RATIO_median,VP_VS_RATIO_std,VP_VS_RATIO_min,VP_VS_RATIO_max,POISSON_RATIO_count,POISSON_RATIO_mean,POISSON_RATIO_median,POISSON_RATIO_std,POISSON_RATIO_min,POISSON_RATIO_max,YOUNG_MODULUS_PA_count,YOUNG_MODULUS_PA_mean,YOUNG_MODULUS_PA_median,YOUNG_MODULUS_PA_std,YOUNG_MODULUS_PA_min,YOUNG_MODULUS_PA_max,RDEP_count,RDEP_mean,RDEP_median,RDEP_std,RDEP_min,RDEP_max,QC_FLAG_COUNT_count,QC_FLAG_COUNT_mean,QC_FLAG_COUNT_median,QC_FLAG_COUNT_std,QC_FLAG_COUNT_min,QC_FLAG_COUNT_max,FEATURE_QC_FLAG_COUNT_count,FEATURE_QC_FLAG_COUNT_mean,FEATURE_QC_FLAG_COUNT_median,FEATURE_QC_FLAG_COUNT_std,FEATURE_QC_FLAG_COUNT_min,FEATURE_QC_FLAG_COUNT_max
"(349.999, 400.0]",133,72.17542043127068,72.242050171,5.833188451808467,58.58600235,87.171234131,133,0.33201238391902654,0.3328479672398471,0.07315224398797002,0.1615916208409125,0.5200703271217091,0,,,,,,0,,,,,,0,,,,,,0,,,,,,0,,,,,,0,,,,,,0,,,,,,0,,,,,,133,0.9595385758503759,0.9730232358,0.19896896666456645,0.643297255,1.9555432796,185,0.0,0.0,0.0,0,0,185,0.0,0.0,0.0,0,0
"(400.0, 450.0]",329,64.5209003465775,66.391662598,13.702927909599506,10.533462524,90.093803406,329,0.25380936865653025,0.25948003429888417,0.1196957657769645,0.0,0.5567213803909142,0,,,,,,316,1865.078921060784,1853.017967768987,73.36332493188726,1743.058420114916,2108.241460762654,269,751.6880546521007,747.3811579586674,29.41653116883371,688.5110859459451,825.3640996363451,0,,,,,,0,,,,,,269,2.4981247840859524,2.500799264379757,0.11750086724996626,2.204505670317514,2.7562806127494253,269,0.40361958349763655,0.404834356826263,0.011111030621455594,0.3704611279583958,0.42420892477341743,0,,,,,,329,4.609453028634954,3.5927343369,9.922277815788146,0.2410391867,132.88771057,329,1.3161094224924013,2.0,1.2060879867955956,0,6,329,0.0,0.0,0.0,0,0
"(450.0, 500.0]",329,84.19342644531002,84.235153198,11.883867162267414,30.279743195,110.26137543,329,0.48404853992608177,0.4832498282549781,0.14386874332430682,0.0,0.8096367733244673,0,,,,,,329,1881.1893305206345,1930.4457946850582,128.706318580164,1657.6755084918452,2213.6180571632526,242,766.168088632669,766.7810326660921,21.72978235899309,714.484379386569,808.9984708814139,0,,,,,,0,,,,,,242,2.5424171070132013,2.542661691241938,0.11386863022171709,2.1162887358093,3.0217502339393576,242,0.4076353423227296,0.4085107908390594,0.010541238794255522,0.35626723770166746,0.43850675568388303,0,,,,,,329,2.773447182404863,2.5042383671,1.0153537238013723,0.7195081115,9.1733608246,329,0.6717325227963525,0.0,0.9667444621341731,0,4,329,0.0,0.0,0.0,0,0
"(500.0, 550.0]",328,80.2386820578003,87.845252991,22.267243960361082,9.3974046707,113.03172302,328,0.45977060535784814,0.5285229928475912,0.21074226817063757,0.0,0.8443788606939117,0,,,,,,328,1894.1505311409537,1934.0758929668086,118.51004015238784,1716.2031815757457,2171.3459212588054,240,800.0163289323752,808.2760466213051,29.39499637447945,718.4018351601277,848.7876861121035,0,,,,,,0,,,,,,240,2.4415032643855437,2.418471964500674,0.10248975178588351,2.1790941127399157,2.7209792668319475,240,0.398421579672436,0.39688599400195423,0.009986029561460948,0.3666115737670712,0.421920483398865,0,,,,,,328,2.4365777331545733,2.5410567522000003,0.9690286496207964,0.4053551555,8.7012090683,328,0.3475609756097561,0.0,0.8172042456725385,0,6,328,0.0,0.0,0.0,0,0
"(550.0, 600.0]",329,94.66159182841642,93.793960571,5.554274701036298,81.145591736,112.56525421,329,0.6140046270959703,0.6031239271222815,0.06965447138613326,0.444504576708376,0.8385290170819986,0,,,,,,329,1960.957832539393,1965.2927222605902,37.211072537933994,1852.0404283249165,2040.1707277596224,329,808.7549807992868,809.5341279853309,24.050935343050288,738.8409833830084,896.6395966503911,0,,,,,,0,,,,,,329,2.4268909379211117,2.4223661349634606,0.08815101277171225,2.1600114865980418,2.698806404022371,329,0.3971164984021168,0.39728541143665114,0.009188512990434767,0.3635985291755525,0.42042722313744674,0,,,,,,329,2.528300627748328,2.5436179638,0.16799198805068244,1.9927819967,2.8087604046,329,0.0364741641337386,0.0,0.2680229674268194,0,2,329,0.0,0.0,0.0,0,0
"(600.0, 650.0]",329,94.96670597148632,94.765975952,5.4138247822642676,81.802986145,111.13341522,329,0.6178309708567502,0.61531367667322,0.06789313162984319,0.4527487602455265,0.8205727593657756,0,,,,,,329,2042.8121558805208,2053.216824482318,39.90911465589575,1919.1490609119544,2118.114327058309,329,858.5570856507939,860.1373748355279,18.38175438565069,802.1248462761088,943.8662079718106,0,,,,,,0,,,,,,329,2.3801638372922977,2.3816930338578843,0.05854367475669223,2.1878663979979476,2.56778528588841,329,0.3925141706445221,0.3929900272495509,0.006560132147095529,0.3679609791854026,0.41061087006388536,0,,,,,,329,2.5175105431142857,2.5419557095,0.15893317137565857,1.9543883801,2.7950181961,329,0.0,0.0,0.0,0,0,329,0.0,0.0,0.0,0,0
"(650.0, 700.0]",329,95.4611402006687,96.428283691,8.749137246090147,65.052474976,118.25712585,329,0.624031520293472,0.6361601729438348,0.10972027182008773,0.24268568923707823,0.9099090498715096,0,,,,,,329,2133.9974627861616,2128.5157068235517,100.79687762908122,1892.6198960829304,2419.9691521355603,329,932.4312140510237,937.74453901115,41.77395873332134,834.6371591838486,1027.0485237930327,0,,,,,,0,,,,,,329,2.2907978221467067,2.2972916021410374,0.10530298495872079,2.0362316100743256,2.7438528886872904,329,0.3811062947267071,0.38311062375882293,0.013243494628003314,0.3410801045295885,0.42341541134445065,0,,,,,,329,2.8171022249948328,2.7240924835,0.3760922593369549,1.8129671812,3.692845583,329,0.0,0.0,0.0,0,0,329,0.0,0.0,0.0,0,0
"(700.0, 750.0]",329,99.79135027484499,99.590751648,7.616855116519256,77.458114624,120.33213806,329,0.6783353691202832,0.6758197226919449,0.09552066567159967,0.3982610466689088,0.9359311475146737,0,,,,,,329,2152.2534651382675,2106.175052991155,127.58213298960621,1933.1883976875401,2487.845163330857,319,977.600650103183,974.5802406260946,50.96643718875529,876.2924820764862,1103.466294450977,0,,,,,,0,,,,,,319,2.204451855305631,2.2047799873403147,0.08527852186087871,2.0109127132331293,2.4372338170346755,319,0.3694606077491204,0.3705017082478733,0.012825983186739514,0.33573002893899934,0.3987876517502859,0,,,,,,329,2.6103657494902737,2.6216511726,0.2969421150321584,2.0331268311,3.1477210522,329,0.0,0.0,0.0,0,0,329,0.0,0.0,0.0,0,0
"(750.0, 800.0]",329,98.85448997290274,98.332466125,12.431482378918911,63.095462799,127.50893402,329,0.666384322163803,0.6600399462719857,0.15545110322803068,0.21814339415402673,1.0,0,,,,,,329,2261.717858634796,2253.704360731534,166.92842562780018,1948.9640290623483,2642.946543998621,329,1022.0349115472665,1034.288913873206,95.0163626912045,764.5752615869161,1226.6852959917549,0,,,,,,0,,,,,,329,2.2222130487946368,2.2025551950764144,0.15194095687411566,1.89654587813737,2.698905159140222,329,0.3702211733811723,0.37017200141822226,0.020869251220208534,0.3074617259198608,0.4204339729461998,0,,,,,,329,2.670303953093009,2.6545431614,0.5542401485749902,1.2579613924,4.2516036034,329,0.0,0.0,0.0,0,0,329,0.0,0.0,0.0,0,0
"(800.0, 850.0]",329,65.54607070181763,65.085784912,8.028171942550452,40.109516144,91.253471375,329,0.24938295200072297,0.24310341902339086,0.0992507369775326,0.0,0.5712644240306274,0,,,,,,329,1984.6074129138083,1983.7224386185392,18.28787723783391,1931.4692497041237,2075.6838717601486,329,782.7624301013129,780.2477684775589,16.602355285809182,746.7127607632591,828.9821525866822,0,,,,,,0,,,,,,329,2.5364466096195954,2.5387887084509098,0.05524563862816677,2.37978673011471,2.745106305476742,329,0.4077874949803798,0.40818019192312416,0.004736695771402033,0.3927817427089566,0.42349603098482325,0,,,,,,329,1.3910936979534954,1.3179665804,0.40938540519721855,1.1887272596,5.1173071861,329,0.1702127659574468,0.0,0.6209455935928584,0,4,329,0.0,0.0,0.0,0,0
"(850.0, 900.0]",329,59.298511145714286,59.127990723,7.035849514786987,42.443553925,81.694122314,329,0.1712185930608211,0.16838853234615403,0.08676562753184099,0.0,0.45138353201870507,0,,,,,,329,1910.6563091292428,1906.8663567687065,17.938014618897725,1878.6995748199977,1978.777284091586,329,728.9801980226748,727.5746483047678,17.489963805659755,699.4201661202117,783.6941921008469,0,,,,,,0,,,,,,329,2.6220003539654027,2.621695396572774,0.04410142033362506,2.4845263678967315,2.7166592972408603,329,0.41478788856970406,0.414868791346726,0.0033775454784603673,0.4033418823639394,0.42163301422483507,0,,,,,,329,1.06644141656231,1.0529828072,0.07535459864428427,0.9443557858,1.2321029902,329,1.9209726443768997,2.0,0.3902207347263388,0,2,329,0.0,0.0,0.0,0,0
"(900.0, 950.0]",329,68.28717899030396,68.084724426,10.103570921816411,48.145175934,92.789154053,329,0.28325112943126,0.2807122082551664,0.1267058130092347,0.030656389152575615,0.5905229538856548,0,,,,,,329,1898.6283476742392,1902.2329369506003,35.06498769160385,1773.9620096032081,1975.6281563780747,320,741.5776528936024,731.7804370015351,35.50420878374473,679.4571899943268,876.9999968491588,0,,,,,,0,,,,,,320,2.568624269533983,2.604048095151681,0.12818246844229225,2.1620063688121154,2.820337887748034,320,0.4096046333209397,0.4135107617879563,0.011820694944391735,0.3639186040764274,0.4281020975633137,0,,,,,,329,1.007060577987538,1.0031307936,0.0524047664139766,0.9069889188,1.175609827,329,1.4832826747720365,2.0,0.8767978997730794,0,2,329,0.0,0.0,0.0,0,0
"(950.0, 1000.0]",329,77.32568570403039,76.257568359,9.851909355155476,54.60490799,110.51425934,329,0.39660029582145817,0.3832053607397326,0.1235498017678926,0.11166592610846103,0.8128081136022215,0,,,,,,329,1925.1477148185497,1924.9243222428597,18.7521047137843,1876.1232156724832,2012.1221473827281,329,768.418763613585,766.5638128019341,28.48484628484275,696.9466317335015,855.5318233547697,0,,,,,,0,,,,,,329,2.5083126740028177,2.50663153635655,0.083518940877684,2.3130238990014793,2.749591981033827,329,0.4050458072699046,0.40536041736305295,0.007495633300461358,0.38505957341516717,0.42378346283102997,0,,,,,,329,1.039848913537994,1.0366506577,0.048223104202585916,0.9415037036,1.3386456966,329,0.8571428571428571,0.0,0.9912509254535615,0,2,329,0.0,0.0,0.0,0,0
"(1000.0, 1050.0]",329,82.07252686800304,81.970489502,8.648822913451692,47.888961792,107.07049561,329,0.45612898855405964,0.45484936895057687,0.10846226025449461,0.027443285447184204,0.7696209190352813,0,,,,,,329,1968.674769062811,1967.3337879663572,26.365423989033754,1919.6575414383158,2046.1513814306584,329,813.864121426505,810.4157763009346,23.80853767728696,768.6076851825738,861.089177507348,0,,,,,,0,,,,,,329,2.420419407144839,2.4247077874190706,0.05746122118725607,2.2681471777124544,2.533159601957733,329,0.3968157064340187,0.3975243492543341,0.0059891115723424565,0.3793579416072376,0.4076962424280867,0,,,,,,329,1.0656705958878419,1.0628739595,0.07179876374832436,0.9088490009,1.2683582306,329,0.0,0.0,0.0,0,0,329,0.0,0.0,0.0,0,0
"(1050.0, 1100.0]",329,87.45259770212158,88.92024231,10.457459127077065,61.232509613,113.17604065,329,0.5235988221761816,0.5420041072668537,0.13114381746418555,0.19478066429773563,0.8461887042415264,0,,,,,,329,2128.631982451262,2157.1348427327794,98.57092590423427,1923.1768768024526,2305.6452684361016,329,863.0084520836687,863.8770093893918,18.575184965470434,816.5603107269874,924.6813230225816,0,,,,,,0,,,,,,329,2.4664438672278592,2.469950891832709,0.10010957142723464,2.1980991446137033,2.6452060557902946,329,0.40087934413908616,0.4019734202870798,0.00998858398265838,0.36950756865666107,0.4166265790249002,0,,,,,,329,1.2512170507544074,1.2660946846,0.17565265420448353,0.8525083661,1.5586060286,329,0.0,0.0,0.0,0,0,329,0.0,0.0,0.0,0,0
"(1100.0, 1150.0]",329,102.06842210297265,102.59655762,10.962313081712248,76.854904175,128.3327179,329,0.7065774698390537,0.7135146220871584,0.1367701721982865,0.39069636771058364,1.0,0,,,,,,329,2206.410350307014,2190.4281337463817,94.33870644577219,2030.4488249484918,2436.870560381713,329,852.3869391162543,854.4062028450618,39.19700195315343,768.1194280118661,941.311104322994,0,,,,,,0,,,,,,329,2.5910119272170977,2.602499172845239,0.1039489719578946,2.342613942072026,2.8469724413650277,329,0.41186666687879714,0.4133899477614962,0.008410160435710296,0.3885878304685874,0.42962951993297,0,,,,,,329,1.2838293995142858,1.2871681452,0.1394714397226962,1.0059144497,1.7186083794,329,0.0,0.0,0.0,0,0,329,0.0,0.0,0.0,0,0
"(1150.0, 1200.0]",329,111.55918059875077,112.66352081,10.457537444045382,58.581935883,133.79377747,329,0.8233034221630798,0.8397613486547661,0.12698505936350662,0.16154062451384185,1.0,0,,,,,,329,2209.7396747778057,2217.70554199604,57.63270233124268,1993.3178248528454,2335.456596943638,329,807.8015536861839,806.534914491183,29.78343416938114,731.3955770381931,886.3448380115042,0,,,,,,0,,,,,,329,2.7383529214411397,2.7250444325947774,0.10359545847867407,2.4943444264974635,3.0069948629500978,329,0.422607491776364,0.422189490137251,0.006656073300937742,0.4042467361156396,0.43782655131814746,0,,,,,,329,1.2995676367455928,1.289075613,0.15863885904904393,0.9238599539,2.216063261,329,0.1276595744680851,0.0,0.48964365425008755,0,2,329,0.0,0.0,0.0,0,0
"(1200.0, 1250.0]",329,106.64178267358359,106.11875916,8.958062089656758,85.992004395,133.97210693,329,0.7627161887832022,0.7576854813963586,0.10848957446022048,0.5052819653057973,1.0,0,,,,,,329,2172.64876367421,2160.173502788469,60.88816812618965,2087.5276756002004,2329.016674330191,329,844.1537753083305,844.4832408677302,22.21987153418082,770.8729909118438,909.2003992398463,0,,,,,,0,,,,,,329,2.5746743084241306,2.5654363736854497,0.07307875737544921,2.378168652457099,2.8290406474202014,329,0.41086953476152366,0.4104177651163488,0.005795917536547629,0.3926044443256827,0.4286068292296294,0,,,,,,329,1.2633260810987843,1.2405508757,0.14576670171297368,0.8485833406,2.1516337395,329,0.0,0.0,0.0,0,0,329,0.0,0.0,0.0,0,0
"(1250.0, 1300.0]",329,103.65890247839818,104.54497528,10.010823549351125,70.383834839,132.62260437,329,0.7265237788158848,0.7379491359439155,0.12475531540990935,0.309544653370996,1.0,0,,,,,,329,2140.1614210827424,2144.843409446526,35.51592201895901,2044.0686635170669,2213.989269232016,329,818.4999688589729,821.2409102978697,22.01466459140647,745.9429229737549,869.4339118119254,0,,,,,,0,,,,,,329,2.616097834521155,2.6108301842544264,0.06368071215871732,2.4582404306773,2.845484529828826,329,0.4142260466412535,0.41403667979005637,0.004830009358729395,0.4008516056862127,0.42954553412516694,0,,,,,,329,1.067311630061398,1.0722770691,0.07865567497853555,0.8734365702,1.3067528009,329,0.0425531914893617,0.0,0.28904940563828235,0,2,329,0.0,0.0,0.0,0,0
"(1300.0, 1350.0]",329,68.62469036025531,68.452384949,9.685166974278161,39.758766174,96.79624939,329,0.28780013185810205,0.28532292716223395,0.12062879012088508,0.0,0.6407747189703918,0,,,,,,329,1966.3093701671996,1956.640749074346,44.42747480790471,1856.5061215642556,2150.041670801979,329,748.1910356036301,744.3708281482342,23.835993152018116,701.3266218885791,842.6225146068927,0,,,,,,0,,,,,,329,2.6302534788537453,2.6440665709155953,0.0888725763707311,2.323225142464312,2.829695004423776,329,0.4150773735289326,0.41654270520201714,0.0071483230195164395,0.3862958030905752,0.4286445558534229,0,,,,,,329,0.7041201234595744,0.6823227406,0.07498205774956845,0.5853490233,0.9494057894,329,1.465045592705167,2.0,0.8866352267725394,0,2,329,0.0,0.0,0.0,0,0
"(1350.0, 1400.0]",329,71.28414523925836,69.614906311,9.924401045528016,47.096466064,106.19421387,329,0.32083517254566585,0.29990175433657035,0.1244588980306042,0.017504837318338504,0.7586317359879191,0,,,,,,329,1965.433017826972,1960.078801992104,41.48135307680805,1872.8744490265594,2116.440157892219,329,739.0996780497375,738.295264994955,20.57103234983448,694.1613415578279,821.8370642789176,0,,,,,,0,,,,,,329,2.6612390395123766,2.6574754666554483,0.09155888668451591,2.4019727679559724,2.9156405481819454,329,0.4173739455872379,0.41752136330466405,0.006715444195985795,0.39516661875652914,0.43334186385233814,0,,,,,,329,0.6815389249820668,0.6526172161,0.10236258166836804,0.5512046218,1.0935412645,329,1.7750759878419453,2.0,0.6328305149656246,0,2,329,0.0,0.0,0.0,0,0
"(1400.0, 1450.0]",329,87.7067354428541,86.934387207,8.761110554883171,68.663017273,119.46767426,329,0.5267858863641821,0.5171001018126199,0.1098704254476287,0.28796440313790267,0.9250901696620273,0,,,,,,329,1988.0233770643529,1989.945240855955,33.2793146550244,1873.6359809037997,2077.6839379633147,329,744.0353858490143,742.2308661592289,19.39273599221427,705.0632088396429,824.1524178718773,0,,,,,,0,,,,,,329,2.6738755708052735,2.6907458972289606,0.08608295639962235,2.3614469233705435,2.845132970916563,329,0.418313343917044,0.4198732520929726,0.00656492202351496,0.3907445698367934,0.4295256673671652,0,,,,,,329,0.7250927445741642,0.7069864273,0.06406944817052919,0.6333605051,1.0763905048,329,1.7082066869300911,2.0,0.7070805702040093,0,2,329,0.0,0.0,0.0,0,0
"(1450.0, 1500.0]",328,82.4521206646372,81.73166275049999,9.943865872378607,61.584854126,120.34088135,328,0.4608893590199054,0.45185431522637115,0.12470300050984381,0.19919930977708883,0.9360407944579572,0,,,,,,328,2033.3362458841893,2032.279932216856,55.48414776552663,1873.0317991509507,2127.431209156582,328,764.2802873141022,762.8689365790511,22.216634905272603,712.2069167191919,816.0976641771831,0,,,,,,0,,,,,,328,2.661514925601711,2.670705630825674,0.07007559101132874,2.452056698086217,2.858575771677264,328,0.4175635459099173,0.41846942327556036,0.005214452212811895,0.400251009370069,0.4302791457027784,0,,,,,,328,0.7218393077378049,0.73436024785,0.08700982578527036,0.4939761162,0.931771934,328,0.9634146341463414,0.0,1.0008573933095428,0,2,328,0.0,0.0,0.0,0,0
"(1500.0, 1550.0]",329,87.5662543346383,87.684898376,8.695661403634464,67.545265198,120.77883148,329,0.5250241554705544,0.5265120343438522,0.1090496475282275,0.2739470139889014,0.9415329939692536,0,,,,,,329,2156.8160018460253,2168.7197517825957,103.03462736571329,1896.1585920724144,2387.6386336047476,329,851.0485235614078,866.9826779483227,43.67713308513996,742.1310976875225,919.6662173592907,0,,,,,,0,,,,,,329,2.536544494306108,2.546168327435884,0.09469189890999134,2.2916552978568334,2.776901479163249,329,0.4074092834929581,0.40880859960974625,0.008369050056625965,0.38239953874591065,0.42549747376252,0,,,,,,329,0.824915366331611,0.8309339285,0.11444718113755831,0.542063117,1.1029314995,329,0.0486322188449848,0.0,0.30852661514278495,0,2,329,0.0,0.0,0.0,0,0
"(1550.0, 1600.0]",329,71.06133459260485,71.434104919,17.939066412625806,31.931461334,112.65074158,329,0.3216452508377034,0.32271577132478085,0.21908066611660895,0.0,0.8396010882142436,0,,,,,,329,2273.7895591890506,2176.641579385664,233.30605620766121,1971.655360027342,2920.2568111166865,284,957.5940820457724,904.3316913876558,147.15462097230653,788.6253098095998,1489.4043477843913,0,,,,,,0,,,,,,284,2.341151276215652,2.3434293064377485,0.15522732911621825,1.8095513789527495,2.7214887081691503,284,0.3857912973611222,0.38868256893028647,0.02118644821875448,0.2801691653122279,0.4219542748074696,0,,,,,,329,0.8607221908835867,0.7315855622,0.33566115575015154,0.5208773613,2.9469347,329,0.0,0.0,0.0,0,0,329,0.0,0.0,0.0,0,0
"(1600.0, 1650.0]",329,79.87728503831916,79.027458191,12.338201620486908,38.38142395,120.27805328,329,0.42914174495846213,0.4179417075051865,0.15305487885414368,0.0,0.9352528867220928,0,,,,,,329,2698.84289885809,2697.768436723882,53.95123882354352,2607.923972068595,2794.0239635286116,0,,,,,,0,,,,,,0,,,,,,0,,,,,,0,,,,,,0,,,,,,329,0.7089370297066869,0.6685019732,0.14815028290677207,0.5620478392,1.5998938084,329,0.0,0.0,0.0,0,0,329,0.0,0.0,0.0,0,0
"(1650.0, 1700.0]",329,87.7555956043222,87.867095947,11.230255446017718,46.678874969,118.24681854,329,0.527398626803229,0.5287969187219104,0.14083522128958784,0.012267954278982444,0.9097797890286261,0,,,,,,329,2899.3884526994675,2898.0562347668583,62.26791914832285,2794.632000437635,3009.4297421184906,0,,,,,,0,,,,,,0,,,,,,0,,,,,,0,,,,,,0,,,,,,329,0.6941885417358663,0.7133393288,0.12610102884951718,0.4345175922,1.1260385513,329,0.0,0.0,0.0,0,0,329,0.0,0.0,0.0,0,0
"(1700.0, 1750.0]",329,87.02599305724316,84.995269775,16.475932537183816,47.338317871,132.70376587,329,0.5178392692789484,0.4927822192893814,0.20558837004410704,0.020537827344421167,1.0,0,,,,,,329,3132.1480236553057,3130.4685679308254,72.66792733459445,3010.1351582604552,3260.823782165851,0,,,,,,0,,,,,,0,,,,,,0,,,,,,0,,,,,,0,,,,,,329,0.7704521629592705,0.7448797822,0.23379149043589392,0.5386533737,2.6882557869,329,0.0,0.0,0.0,0,0,329,0.0,0.0,0.0,0,0
"(1750.0, 1800.0]",329,88.27339366005471,88.098388672,11.922305780200222,62.049236298,126.22493744,329,0.5338622935704579,0.5316974905089572,0.14941955744000185,0.2050229854958589,1.0,0,,,,,,329,3405.566704207826,3403.4083540199963,85.91035022786284,3261.651725122208,3558.046472107168,0,,,,,,0,,,,,,0,,,,,,0,,,,,,0,,,,,,0,,,,,,329,0.8096895355607903,0.7847152352,0.10134650570438002,0.6695693731,1.4745328426,329,0.0,0.0,0.0,0,0,329,0.0,0.0,0.0,0,0
"(1800.0, 1850.0]",329,95.60764232732826,97.610679626,11.32930689100486,47.71906662,116.28159332,329,0.6258687589499454,0.6509882410993711,0.14207739536486844,0.025312681716960255,0.8851344966688048,0,,,,,,329,3731.3266117878975,3728.488038120693,103.13457380977475,3559.032567004687,3914.88671830309,0,,,,,,0,,,,,,0,,,,,,0,,,,,,0,,,,,,0,,,,,,329,0.9523591218024317,0.9332000017,0.18687382105848988,0.6833741069,2.0602064133,329,0.0,0.0,0.0,0,0,329,0.0,0.0,0.0,0,0
"(1850.0, 1900.0]",329,94.4473284225927,96.167106628,11.285045997877443,59.94947052,113.78118896,329,0.611317614826437,0.6328848307541418,0.14152233295261563,0.1786904608776591,0.8537776853258426,0,,,,,,329,4126.063778025454,4122.2267038120635,126.11430605207705,3916.080557820042,4351.281801610273,0,,,,,,0,,,,,,0,,,,,,0,,,,,,0,,,,,,0,,,,,,329,1.0534114741626142,1.0428762436,0.12541586163191462,0.7177003026,1.3184081316,329,0.0,0.0,0.0,0,0,329,0.0,0.0,0.0,0,0
"(1900.0, 1950.0]",329,78.9020542504225,78.139007568,7.7050102946453976,61.870735168,104.28204346,329,0.4163690547897862,0.4067999181935777,0.09662619297495426,0.20278445706123588,0.7346517878798601,0,,,,,,329,4614.308924558816,4608.943421470819,157.73427821340175,4352.7566817116785,4897.17240456877,0,,,,,,0,,,,,,0,,,,,,0,,,,,,0,,,,,,0,,,,,,329,0.8935962234261399,0.8739233017,0.08393981469862972,0.6553692818,1.2018467188,329,0.0,0.0,0.0,0,0,329,0.0,0.0,0.0,0,0
"(1950.0, 2000.0]",329,58.00622332486626,65.483215332,27.994673103436117,11.386276245,112.16802216,329,0.24597494161686104,0.24808747316329582,0.24928602826418259,0.0,0.8335474506399899,0,,,,,,329,5117.197018129519,5177.524287570237,407.5028794675897,2887.751305601655,5508.412975191317,33,1158.3180512289293,1144.7775791865067,58.8593184183883,1077.7065494686572,1248.9349268972442,0,,,,,,0,,,,,,33,4.059090085408633,4.0727709794277125,0.8561942749808095,2.4559847573409566,5.084796114602544,33,0.4607355882489649,0.4679229400231801,0.022992016042012564,0.40063318775059154,0.47988344591440935,0,,,,,,329,2.1124163548978725,1.3168141842,1.5501904034967113,0.8258316517,6.1804237366,329,0.3708206686930091,0.0,0.6734509742315724,0,3,329,0.0729483282674772,0.0,0.2604477858442268,0,1
"(2000.0, 2050.0]",329,33.81729874421276,23.335819244,26.62436837152946,11.948601723,107.18600464,329,0.09346007011762805,0.0,0.21783645561534284,0.0,0.7710694826836499,285,2.528697467270175,2.5530190468,0.06258848767919789,2.2838115692,2.5821971893,329,3863.3709277469584,3973.298105053459,540.0700950414358,2602.327577298042,4519.758397131641,307,2043.7890243703018,2093.456527233334,251.83465611393757,1349.6743105902688,2489.749099715098,285,9929813.776166191,10231529.614196464,1394319.330282868,6311576.255149579,11546393.554907056,285,5143143.435213767,5074734.311553603,709162.4120428968,3219710.1110914694,6370543.789200638,307,1.9253071601562004,1.9071404585028928,0.12323409076339643,1.489284655625998,2.329597026539506,307,0.3096340382243028,0.31040387705709227,0.04217441524126308,0.08948044813669044,0.387057266615672,285,27848281465.138695,26711886365.86669,6804480858.045174,11548242612.831964,40500916342.91833,329,6.105431272109119,4.1560106277,26.68043877997145,0.9520655274,446.20166016,329,1.78419452887538,1.0,1.4542597349432789,0,8,329,0.0,0.0,0.0,0,0
"(2050.0, 2100.0]",329,150.8761672393617,177.69567871,60.77594547507047,20.158737183,209.82849121,329,0.8095634341292375,1.0,0.3886139021380191,0.0,1.0,329,2.3163386746395136,2.2764527798,0.10796668928314734,2.1954936981,2.5837891102,329,2647.905859194665,2395.0717717052994,578.5107288443546,2282.8071317735125,4424.902509984988,329,1459.6030314781387,1359.2769584660446,271.73840533713127,1130.1567026963087,2462.893038388695,329,6192368.6367623955,5424790.748253066,1717738.9545438385,5017727.532000409,11292853.577938356,329,3407931.938622752,3095259.4099245444,824719.4039284278,2489876.485627805,6362156.398994915,329,1.8079737645056868,1.790835653356012,0.09148610159658693,1.5579890176846343,2.0242654811817036,329,0.2757592198348048,0.273457597789212,0.03249595275094575,0.14969553127998242,0.3385873546629118,329,13316800055.785652,10625113907.060972,6715467679.725922,7533437377.251476,38099322279.12326,329,1.6248776436227963,1.1705446243,1.0533567811013025,0.8579748869,5.9545154572,329,2.264437689969605,2.0,1.0735084959003618,0,4,329,0.0,0.0,0.0,0,0
"(2100.0, 2150.0]",329,181.14560558000912,184.89491272,27.328023783005026,80.121360779,243.85102844,329,0.9886299118394537,1.0,0.0736255429097099,0.43166000748427236,1.0,329,2.295445006668389,2.28581357,0.07069918716848993,2.1177725792,2.6040673256,329,2739.227730663068,2669.1514320435854,289.75050083699944,2374.370259760873,4031.272972527449,304,1698.154820494361,1740.151481013518,177.59458170402922,1312.6550464601041,2288.670598856101,329,6301728.38712241,6083036.154652005,840773.793206676,5111793.8536636345,10389800.121137267,304,3912018.7743445383,4004599.3901106957,482348.64307708445,2964881.2957693553,5959852.325542558,304,1.6244043575933849,1.6312315155665744,0.1150795601056367,1.37282605586881,1.9145105132046234,304,0.1805671359290686,0.19896019656569808,0.07636353543042443,-0.06519439350810373,0.3124074116969033,304,15823495373.92074,15961087089.328053,3703151920.092871,10000311041.392109,33993942539.757362,329,2.2139512054109423,2.1841261387,0.8957702058979425,1.1888465881,6.7358441353,329,2.4711246200607904,2.0,1.093182426102599,0,5,329,0.00911854103343465,0.0,0.09519947569957873,0,1
"(2150.0, 2200.0]",329,120.33858474907296,142.62239075,38.78734492056722,43.707530975,174.47233582,329,0.7564209211638567,1.0,0.3448074616402534,0.0,1.0,329,2.387686564930091,2.4038653374,0.10039359431693173,2.153649807,2.764046669,329,3230.1002962062353,3132.1770184161496,271.6162436269346,2861.661867595246,4252.2470604256005,329,1802.1288833678161,1772.295374668055,141.84521955064358,1565.3173217034084,2407.8145534118803,329,7728312.25225298,7478701.748403874,892308.9175535031,6368728.533158266,11003495.208272705,329,4311661.880933661,4256047.482651572,475857.3984558395,3399891.507379853,6159020.915899697,329,1.7953904025065626,1.8174154605593693,0.1129740562561662,1.3018184807278266,2.1776360208034133,329,0.2669554458634047,0.2828917817628569,0.059139734721739994,-0.21970265215693338,0.36638513619721597,329,19784154796.67094,18850876569.397762,3593854579.9354496,13852804319.52035,35884440922.28056,329,2.9019244711808514,3.1095945835,1.1404129156536755,0.6457986236,6.4446053505,329,0.6778115501519757,1.0,0.7883450253616934,0,4,329,0.00911854103343465,0.0,0.09519947569957873,0,1
"(2200.0, 2250.0]",329,60.15481829427963,54.753356934,17.11304436712791,33.481281281,100.37680817,329,0.19255603425593332,0.11352757920966984,0.202160579502383,0.0,0.6856774186948663,329,2.2776127216659576,2.2408578396,0.13094184607010234,2.1215360165,2.6482293606,329,3257.864684474791,3130.119302706338,391.3921830113183,2889.6583120305568,5024.675867328843,329,1736.9319254744894,1695.1068291535573,177.35017747426747,1565.820029145117,2536.2989087763835,329,7458278.658823015,7086540.043496251,1312682.1174896176,6209025.820926488,13088627.287228856,329,3971940.1673459536,3812322.167627512,615232.2481345857,3364394.8765324363,6701534.132467653,329,1.875885661830796,1.873325424639075,0.11568943141264008,1.623880324846236,2.4795659363730844,329,0.29710495715451646,0.300745065734449,0.03219814236637555,0.194560857544873,0.4028795670859901,329,18172641047.173016,16719823953.455042,5345793775.798816,13752240370.121891,44952204363.66599,329,1.5772873962170215,0.9220568538,1.7786428714986153,0.5080646873,13.281050682,329,0.2553191489361702,0.0,0.9792873085001753,0,6,329,0.0,0.0,0.0,0,0
"(2250.0, 2300.0]",329,75.18554270089058,73.764305115,23.18013235750947,33.423694611,121.79641724,329,0.3775100219456481,0.35193810396273273,0.2794604425755333,0.0,0.9542942277968913,329,2.355287860593617,2.3638734818,0.11611146589771033,2.1249294281,2.7100958824,329,3649.920354679097,3521.2902401417728,475.0892600540884,2953.7734286882114,5090.400461119377,329,1857.1462948555927,1831.2663527102334,142.6605810399295,1588.0890219701098,2297.837795096294,329,8639138.977991188,8287971.389953389,1503124.9155458717,6282249.59279125,13581494.2240168,329,4386343.59933329,4323877.13424673,528286.6436223104,3380675.3179811663,6214270.991121138,329,1.9644720110502154,1.8904573058031375,0.1967745325304073,1.561711245641493,2.5820041735214407,329,0.31604014628729216,0.30573688695576784,0.042621081276757206,0.15252248188589027,0.41176593418487195,329,21654120177.213673,21111557096.602924,4585367466.483028,13930481975.900543,38737942951.44637,329,2.2271737215349545,1.7507168055,2.1825525683089237,0.5070680976,14.862234116,329,0.2948328267477204,0.0,1.1481708886968116,0,6,329,0.0,0.0,0.0,0,0
"(2300.0, 2350.0]",329,95.99466545318845,99.768173218,12.581575341044669,53.24118042,112.68778229,329,0.6307222983762489,0.6780447126926272,0.15778171350109238,0.09456383301513181,0.8400656045037127,329,2.425511834106991,2.4087481499,0.06199398272782741,2.3508780003,2.6582820415,329,3598.835527024124,3474.6368506892936,407.766102554624,3150.6507056717865,5178.482646012478,329,1914.0842449048425,1844.4303766716664,212.5958695827857,1731.1987567390222,2833.106116936951,329,8750684.57953246,8397728.71416647,1233013.1445864995,7494733.82909064,13486543.382178994,329,4654349.104806484,4452196.3389791595,649342.8216744786,4086934.96717443,7400581.121328823,329,1.8813270705375207,1.8790673661496025,0.07975961633970924,1.6330438022845457,2.122126836554485,329,0.30081876013643094,0.30244136376281444,0.023916015058138597,0.20002976787834562,0.35728240683054246,329,23516403702.30781,21384901680.452347,6539335827.570966,18311354898.887886,53579434996.54185,329,3.9452158114820666,3.2257642746,2.254638433044525,1.4929852486,14.184185028,329,0.45896656534954405,0.0,1.2490191867048177,0,5,329,0.0,0.0,0.0,0,0
"(2350.0, 2400.0]",329,91.59365099177204,93.392707825,7.937101574110891,51.866832733,100.93390656,329,0.5755305132426306,0.5980919383534059,0.0995367791909157,0.07732855626137695,0.692663820332199,329,2.405333400136778,2.3979001045,0.04148233075620126,2.3374204636,2.6632213593,329,3503.3968534673118,3451.5216779437005,257.9308956353823,3196.1348210786855,4834.351303274111,329,1837.686947756629,1812.361919401577,116.76421033948968,1725.7784324818977,2531.726028822247,329,8432464.48628456,8275087.69865733,718801.4951051249,7565991.369969208,12019530.747447489,329,4423414.124987248,4340302.192518473,344777.7111199604,4100102.045692134,6342152.04251258,329,1.9064726086319266,1.8897404207648227,0.07213112421560824,1.7072096039112812,2.133574410376536,329,0.3085672861212938,0.3055321330365302,0.019501237417758045,0.23884402139015157,0.35923977288816167,329,21375095136.3522,20635800123.094654,3321281636.386092,18429097118.905544,40607141891.10032,329,3.2753208843045596,3.045440197,1.2551373042378284,2.0598163605,13.793681145,329,0.11246200607902736,0.0,0.6069689432703651,0,4,329,0.0,0.0,0.0,0,0
"(2400.0, 2450.0]",328,93.34769228035061,94.331295013,8.48875596972375,42.751930237,110.31253815,328,0.597668673750574,0.6098624750929265,0.10563544224913599,0.0,0.8102783894504416,328,2.4056760356207314,2.39679920675,0.050548795836803155,2.3232882023,2.6810548306,328,3401.89944941273,3339.112434922163,268.32230198025974,3156.871258411238,5010.305498150463,328,1831.1592520809472,1799.184641954445,135.8018509480037,1716.9361697988968,2585.6320499693006,328,8196157.42107216,8019053.493516995,851073.638549982,7382921.349111718,13430303.223160103,328,4411113.461236278,4314578.533153268,432408.78812950884,3996117.5373491403,6930879.258246365,328,1.8575100388729904,1.8583221134567753,0.03089153785421833,1.743741659010636,1.9599433379649465,328,0.29557768489856995,0.29619795682764943,0.009644169496831504,0.2549782266181192,0.3240290381276586,328,21084608145.055344,20085974105.465508,4245346163.9498925,17804179092.285686,47257012415.58705,328,2.99566164103811,2.9055030345999997,1.0444773031703098,1.0319650173,9.0267915726,328,0.10365853658536585,0.0,0.6119993048208598,0,4,328,0.0,0.0,0.0,0,0
"(2450.0, 2500.0]",329,96.62293406906687,97.870140076,9.205467054071027,51.806533813,118.33552551,329,0.6386012241915933,0.6542420557670154,0.11544296528836581,0.07657236582719279,0.9108922361862112,329,2.4128866231899697,2.4118196964,0.055094627615649386,2.2841844559,2.6346917152,329,3540.4608711954434,3496.300082145901,161.53783236853008,3294.4854311947397,4549.925716323714,329,1890.9010407141304,1887.347158394824,65.57794345674998,1773.4792776653883,2308.414455690811,329,8545512.552248407,8408593.563393535,500236.19425647514,7814882.675615396,11774508.335169725,329,4563678.642483816,4492365.9693838395,220365.7042560779,4245391.726421829,5973821.759780116,329,1.8721783341424305,1.8690073199057957,0.046285914908810906,1.665252632662106,2.049376560217153,329,0.29960418479287054,0.299453580143181,0.014254164121350102,0.21800265372239938,0.34374727952135953,329,22465296761.2538,22014798386.99128,1963784842.696231,19775871510.99276,36590105983.42908,329,2.870217975512462,2.9249477386,0.4898066892064642,1.0985113382,4.076066494,329,0.5106382978723404,0.0,0.8663998365071022,0,2,329,0.0,0.0,0.0,0,0
"(2500.0, 2550.0]",329,92.21393539991185,94.432846069,12.993519510803344,53.375133514,122.14819336,329,0.583309311534688,0.6111359960304242,0.16294778016678801,0.09624369806598465,0.9587057452323349,329,2.417026917624316,2.4142632484,0.07215539429143603,2.2921893597,2.6165525913,329,3718.523729581404,3676.7131184516807,219.08871443749774,3293.2994518720297,4589.249776742597,329,2020.6422139460276,1991.4339333097416,144.1102693323039,1766.4796252858944,2600.657097875436,329,8997611.786745219,8847097.21606648,754096.3864954509,7577624.1026045205,11972584.736209203,329,4890405.082443142,4762279.68394684,472617.77332150546,4064531.264448871,6789307.331888537,329,1.842227987997482,1.8492797139299086,0.05082000057131374,1.6264253650914249,1.9758596990850006,329,0.29001673557387897,0.2933743809477333,0.01745602440579024,0.19609656734378567,0.32782496916409737,329,25632129729.78758,24409661800.4274,4469262957.342202,18639607967.96271,44596894694.46621,329,3.5335686590902733,3.4019217491,1.0249015544513391,1.0011326075,7.0144839287,329,1.2613981762917934,2.0,0.9776773072910026,0,4,329,0.0,0.0,0.0,0,0
"(2550.0, 2600.0]",329,80.67352030560487,89.774902344,18.25704560439806,42.764884949,110.0707016,329,0.43909966742925727,0.5527221390689208,0.2279338010072008,0.0,0.8072455907577604,329,2.4660939619547113,2.4596965313,0.11836805879719768,2.2202558517,2.7061901093,329,4026.7822325567163,3688.665252532298,647.3311097944884,3331.5264427315533,5951.184602544719,329,2249.438019714657,2006.0981030521546,439.2377875259298,1863.077834861874,3518.4839466090802,329,9987028.606366316,8931113.869998336,2035507.4599655413,7829041.564249769,15928885.248677002,329,5586384.201756421,4895133.6282566935,1340589.0197307805,4309049.55943733,9447535.209435724,329,1.8009646490754858,1.8238484483250759,0.07857926863940733,1.5664848754331921,2.0358703739367425,329,0.2737543002040786,0.2850777932112028,0.03305717673433898,0.15609144772343808,0.3410057684812439,329,33191967514.114597,25078751447.952374,14824339446.9369,20642084054.58934,80453917929.09024,329,12.36112990055076,3.2474606037,70.78376270804817,0.7237936854,1122.036377,329,1.6808510638297873,2.0,1.913916749041762,0,6,329,0.0,0.0,0.0,0,0
"(2600.0, 2650.0]",329,93.08529768588754,94.813720703,8.84821008030042,56.215797424,118.22121429,329,0.5942368012038837,0.6159124290884987,0.1109627141311161,0.13186760103927467,0.9094586939091038,329,2.443609278974772,2.4688439369,0.09206308829720893,2.2214567661,2.6677370071,329,3767.2854696638306,3693.2052577751915,226.88734524560041,3541.2813153716615,4848.843093106715,327,2089.7891640641346,2059.0397683050965,129.0388712525799,1947.1343444407917,2696.1973798910617,329,9216653.150255434,9033765.563023468,817794.8118902271,7998067.929826304,12876621.371084431,327,5112252.096441397,5013647.792892595,462630.4007459395,4437364.608630405,7192745.528781443,327,1.8038509358024168,1.799068589561205,0.05162313944501128,1.5844408116981732,2.0926722279464576,327,0.276936727444278,0.2764511684639766,0.018287902510779296,0.16897341127667845,0.3520393586951917,327,27407847085.81479,26055544861.394608,4332176882.4803295,22544261804.707745,49383746083.91469,329,4.082333241917933,4.0622735023,1.379303079154314,1.9708014727,11.108030319,329,1.1458966565349544,1.0,1.293743104713948,0,6,329,0.0,0.0,0.0,0,0
"(2650.0, 2700.0]",329,98.74552404990578,98.878540039,5.797386056005373,68.023391724,116.9673233,329,0.6652199802025719,0.6668880933055363,0.0727032570205884,0.27994305347503007,0.8937340279922399,329,2.459203014979331,2.4733586311,0.04707654604447019,2.3367938995,2.61840415,329,3618.0382363108597,3596.343626517163,115.63704233094714,3454.5103606045573,4123.0950108558245,329,2006.774881632398,1983.8408428453731,72.49295296931881,1897.1685276839676,2458.545245394353,329,8896974.503818586,8837321.350798624,321481.1666543491,8269171.253832184,10747169.207343958,329,4935319.9829731835,4895491.300612303,212080.73376636143,4444936.690087675,6408390.2230231725,329,1.8034343765679,1.8010393036079497,0.0332048209384289,1.669682743809086,1.9793638431214449,329,0.27750643445415596,0.2771580367617036,0.011599659294696722,0.2203329884317633,0.32864278505219463,329,25329912469.33195,24847352786.49716,1907309546.586395,22345476577.256626,38573293003.0579,329,5.159692686020365,5.1609902382,0.9906636579241395,2.888979435,10.106359482,329,1.006079027355623,0.0,1.2097014370936192,0,4,329,0.0,0.0,0.0,0,0
"(2700.0, 2750.0]",329,95.68197786048935,96.976608276,13.443298841506364,35.943782806,126.0996933,329,0.6282562199066516,0.6430365449585407,0.16248151425874643,0.0,1.0,329,2.4895786137577507,2.4972395897,0.06843748305485522,2.2783999443,2.7400813103,329,3742.5543326369116,3681.711909717819,297.74386859377887,3339.684796500525,4949.51963296548,329,2097.6063037778863,2080.426246651767,167.5857830253506,1836.9486566639912,2779.618340181167,329,9328954.936906714,9083690.466022532,950287.6803103681,8275534.588142365,13321913.330200199,329,5228406.863067518,5162060.143095525,529009.3092896756,4571834.2017015405,7488174.52411997,329,1.784927354576293,1.779119232577665,0.0424765478619923,1.689424815802386,1.9398046451136621,329,0.27038972792148697,0.2690814086410977,0.015363830024848544,0.23033555761075675,0.3190269335258308,329,28073968538.599163,27052599461.231113,5495113856.4829235,21651832201.587593,52701253520.10855,329,5.795714318936778,5.3996071815,4.006829544988942,2.8380935192,53.574066162,329,1.3860182370820668,1.0,1.477448034547525,0,6,329,0.0,0.0,0.0,0,0
"(2750.0, 2800.0]",329,100.19054670240426,98.714637756,12.856096258788297,50.925964355,139.42700195,329,0.6806852301403116,0.664832644575351,0.15499320527178642,0.06552941181119493,1.0,329,2.518109251302128,2.512485981,0.04424683830743329,2.3639376163,2.7463290691,329,3741.2504213263082,3743.8898749025975,281.05760036178646,2955.3571561078393,5252.110135572092,329,2090.0748012286062,2090.6449909413436,145.71130433671775,1755.3244477906017,2786.3244030590736,329,9431849.516397407,9418077.986502063,883596.2698828019,6986616.050986041,14389707.433431704,329,5268198.240324891,5256978.045726277,457595.6355720887,4326117.497711443,7638563.285716872,329,1.7901743728729302,1.7890405763626576,0.05124350557438769,1.512608635028821,1.9956578016946078,329,0.27174101531243816,0.2727960725418793,0.02222810640013648,0.11179668589968098,0.33236384098157074,329,28179238775.912205,28038133114.68554,4793952023.015143,19805803432.90111,55480657003.02152,329,6.137981382914286,5.7938160896,2.175741866764628,4.0561289787,19.674247742,329,1.4984802431610942,2.0,1.2472521506094671,0,4,329,0.0,0.0,0.0,0,0
"(2800.0, 2850.0]",329,113.91904461044072,114.57052612,9.706652024903748,85.812583923,140.59870911,329,0.8486169471326876,0.863676522813116,0.11041857136130252,0.50303190768249,1.0,329,2.515733134780851,2.5276286602,0.04763523534820447,2.3100903034,2.6354007721,329,3566.4300751158044,3590.100135413966,268.0324443552089,2926.039781232082,4136.446727067629,329,1959.0637505018317,1977.4225423629412,151.49590319407451,1585.5711668795661,2246.5695101934402,329,8983260.120254055,9093681.619908197,819829.2523894536,6765744.554079904,10781888.978941506,329,4934180.606257356,4996060.8726916965,454668.3450063159,3671134.9935374046,5796041.473963603,329,1.8220007767042146,1.8100963227868918,0.0669326544515854,1.592304137751176,2.169537978042507,329,0.2826237138652335,0.28035964505128586,0.021590741981440415,0.17435884630958923,0.3651162239956481,329,24956609604.094788,25360791440.190273,4069376693.7250433,15067792330.360798,33360188497.750378,329,4.664544300468997,4.5501303673,0.6646414798702586,3.3059597015,7.1346182823,329,0.2127659574468085,0.0,0.6512333116131612,0,4,329,0.0,0.0,0.0,0,0
"(2850.0, 2900.0]",329,106.95187241107904,106.99430847,9.713339524408635,66.456199646,149.33737183,329,0.7661347852459592,0.7686654792616363,0.11627737843103708,0.26028937380858164,1.0,329,2.569135765175684,2.5600447655,0.036654590295306065,2.5124249458,2.7244865894,329,3891.8641708764108,3847.8989659793356,193.29822482023383,3491.865032798848,4754.531013252953,329,2169.710173233129,2150.3420944069176,119.98250347927285,1868.2118119279544,2749.8623613593604,329,10002457.064458312,9837661.965565922,594207.69881456,8897509.713114604,12928125.754278941,329,5576170.071872896,5517721.544901272,356422.0384388812,4790722.474465413,7477197.291492538,329,1.7947402884300692,1.787741381031842,0.04538415016054365,1.7100948276006382,2.176246316473477,329,0.2740538414067328,0.2723152923021339,0.013861362452229353,0.24018204043513147,0.36616874408738065,329,30918501497.738964,30201329143.989346,3737168090.5149665,24454650894.737633,51348717891.92222,329,4.952874080754712,4.8484005928,0.6088588983885259,3.979726553,8.1804676056,329,0.2887537993920973,0.0,0.8106914939400814,0,4,329,0.0,0.0,0.0,0,0
"(2900.0, 2950.0]",329,86.43365125464133,86.662597656,16.958865197353447,23.381229401,125.57118988,329,0.516147752129973,0.5136916716354724,0.1966991274489987,0.0,1.0,329,2.4395168429100305,2.5023345947,0.23996625744336617,1.3649691343,2.6439681053,329,3843.494526603694,3924.9112760890403,417.6365621123607,2350.640645082129,4756.544543803676,329,2163.7317247416067,2215.489370055835,228.184426648841,1577.9343877577096,2716.589251463645,329,9456988.925292874,9830869.60822538,1650044.2087243658,3336801.031161283,12358595.687597843,329,5312910.836441953,5536988.918848054,897933.4656900566,2196654.8396900464,7145412.059683874,329,1.7790248812733027,1.751450892264079,0.12883576123682094,1.4155844447457822,2.333491823311286,329,0.2609267807844848,0.2581714154421951,0.050638119835274574,0.001932164617868204,0.3875187191492289,329,29516346800.868893,31051786469.865135,7427711332.0174885,7849782678.089041,48376723822.09496,329,4.811216597908511,3.9704310894,3.184161700085635,0.1960632205,16.34390831,329,1.3495440729483283,0.0,2.656562532036226,0,14,329,0.030395136778115502,0.0,0.1719334867869433,0,1
"(2950.0, 3000.0]",329,86.18769467995745,91.636314392,30.44758877297682,12.018399239,135.65370178,329,0.5242123210202895,0.5760655419818212,0.3370310213703348,0.0,1.0,329,2.3567549222158055,2.4710526466,0.346440079654953,1.2595705986,3.2098860741,329,3579.934155828387,3696.060323039075,523.425331008024,2253.414273556006,4448.649027859529,316,2039.219171745346,2045.9946367968678,252.95750027259382,1382.0064116916096,2548.5754909873826,329,8588951.069541194,9181763.589320056,2135228.196491645,2926859.008373156,13939479.430821007,316,4922067.61469988,5090874.763792766,973950.8736835286,1742690.391853521,6953715.942143155,316,1.7871355475947037,1.7741775938102289,0.16094981687684912,1.225782946623844,2.621109916929082,316,0.25602404967266484,0.2671923131449865,0.0889102863367451,-0.49493808883789076,0.41482427595906424,316,25812538232.853485,26632419419.532104,7710878935.888642,5949705381.250784,41159413017.784,329,5.702777598238602,4.1916546822,5.09011682347232,0.6652885675,30.9835186,329,2.115501519756839,0.0,3.7561376367063337,0,16,329,0.09422492401215805,0.0,0.30282726378906655,0,2
"(3000.0, 3050.0]",329,67.40236578594529,60.2202034,25.377354618189447,29.801828384,172.88467407,329,0.27362462051275277,0.18208563966486013,0.272088923663016,0.0,1.0,329,2.4183361204200606,2.4026014805,0.0980845457314564,2.2602529526,2.6405329704,329,3827.5298486833317,3758.941607182628,342.52241601679225,3403.4544545942895,5297.108277022685,329,2211.933510675256,2157.679613606382,218.28024385086954,1942.9126786520756,3163.6569671663674,329,9280355.319066592,9025910.401416808,1153537.370229588,7794239.978506015,13833786.11600481,329,5364670.244004291,5195204.298086804,717430.9369222549,4419560.55675675,8262121.810503544,329,1.7321708541608463,1.7325150416204766,0.0419289105413739,1.5958506609453909,1.9225558753546967,329,0.24898427586026234,0.2502008846317988,0.017858083816007456,0.17673932533893763,0.3145552673189634,329,29975147871.096302,27921597458.96694,7245951114.640791,21848136168.408115,63922254604.21643,329,3.134577726882371,1.3003389835,7.82139977802093,0.6552373767,78.388847351,329,0.3951367781155015,0.0,1.2155399016799788,0,6,329,0.0,0.0,0.0,0,0
"(3050.0, 3100.0]",329,66.68919200957751,61.396873474,23.299356984258406,32.576328278,124.07701111,329,0.2770049974289547,0.19684190153737074,0.2769683537611418,0.0,0.9828944625731201,329,2.4241583818334345,2.4364535809,0.11600252416958391,2.2202658653,2.6170423031,329,3790.1319962951948,3720.8944956638197,325.93618639791737,3273.9994307538223,4947.684396866996,329,2177.4694945984256,2135.2411147405737,212.74275089639286,1874.9380789473576,2975.8205942153945,329,9206277.091987895,9211849.21936998,1081757.5369066396,7523115.616653628,12655151.93914312,329,5288888.157404134,5269565.018156382,669857.0129066623,4389364.906159176,7617322.948817624,329,1.7427218038566248,1.7463399201513572,0.043122478726916914,1.6230434152596145,1.9159184576838058,329,0.2534329005789355,0.25606223363629416,0.018368610021293082,0.1940529887448269,0.3127862173331452,329,29157791275.42922,28383495014.092182,6638713479.585448,21474531027.323883,55124907665.08592,329,2.529048436136778,1.7962472439,2.1083073980087503,0.505230844,14.170740128,329,0.2857142857142857,0.0,0.958184985740726,0,6,329,0.0,0.0,0.0,0,0
"(3100.0, 3150.0]",329,87.21544848980851,90.174278259,22.022238066859106,40.727363586,132.66482544,329,0.520661812194437,0.5577305910704915,0.2743648655564224,0.0,1.0,329,2.5018344657389058,2.5588035583,0.1136086638864993,2.1638109684,2.643901825,329,3930.570327197476,3995.406977873651,245.38780462728113,3169.0200478141196,4496.320806460459,329,2180.877911036849,2215.333592991363,167.07578324022492,1747.229833022129,2608.344024896697,329,9852903.530354416,10041844.937376333,954578.4321743944,6857160.338539685,11887830.785986278,329,5461020.794385294,5571400.439323866,533411.1236262986,3780675.0770089836,6896205.527652223,329,1.8069671541257208,1.7819985502431694,0.10443063622941644,1.6500319248985928,2.211323906543245,329,0.27482187691290816,0.2701697671379352,0.03274694442600546,0.20974199106274846,0.371463756487596,329,30520083523.007973,31314053355.235123,4869856862.827304,16932097107.293032,44839464505.14988,329,5.617798244524316,5.423271656,3.245822117094635,0.418836236,13.053759575,329,1.6504559270516717,0.0,1.826968059791077,0,4,329,0.0,0.0,0.0,0,0
"(3150.0, 3200.0]",329,60.75470594506383,52.056827545,18.04365276313153,37.627456665,105.60340118,329,0.19281901737474766,0.07971122346966218,0.22231144353523857,0.0,0.7512225335582138,278,2.3338002215169062,2.2696415186000003,0.13196697448279535,2.1672947407,2.5707008839,120,3430.6733837694087,3302.542051677885,387.7041315275354,3130.8839123541147,5103.255401072342,120,1886.5041380413697,1828.4805591040788,159.0502303909535,1724.8725344832426,2555.14831988743,120,7722192.070344928,7344412.023869953,1244587.5616452557,6825150.2146824915,13108946.673261167,120,4239423.068513347,4041612.3723627524,513569.6402038127,3768011.979852286,6566202.230380887,120,1.8172545307954269,1.805317888501123,0.10147274198021196,1.6997850930441858,2.3879262054633,120,0.2795465540195365,0.2786800379731982,0.02555143635720796,0.2353474258805296,0.39366660347014415,120,20684741363.327763,18923656875.89394,4801532596.340184,16670525163.012405,44536064105.17194,329,2.0401679256617022,0.6737155914,2.376874992037594,0.420502454,13.200362206,329,0.3768996960486322,0.0,0.9293067795503269,0,6,329,0.0,0.0,0.0,0,0
"(3200.0, 3250.0]",112,50.84277415275893,51.266094207500004,4.912583733297115,40.526161194,64.447822571,112,0.06922250707874435,0.06979487694458324,0.054397907624028304,0.0,0.23510292714668848,0,,,,,,0,,,,,,0,,,,,,0,,,,,,0,,,,,,0,,,,,,0,,,,,,0,,,,,,13,0.8259745744615384,0.7615966797,0.15119245886349902,0.6850041747,1.12500453,125,0.0,0.0,0.0,0,0,125,0.0,0.0,0.0,0,0
